"Species","n","best_model","best_bic","int_best","road_best","forest_best","roadforest_best","full_bic","int_full","road_full","forest_full","roadforest_full"
"ACFL",4291,3,9753.35564315356,3.61443969146943,NA,0.396978102479103,NA,9766.45901900387,3.62752653011151,6.99075636993828e-07,0.280591932354409,0.000308157053601523
"ACWO",3296,5,11658.8607796037,4.65997168599823,-5.21133184853409e-05,-0.38141871971367,0.000284336574519646,11658.8607796037,4.65997168599823,-5.21133184853409e-05,-0.38141871971367,0.000284336574519646
"AGWT",91,1,133.041089787723,5.01840700207118,NA,NA,NA,143.168202199688,5.22232471109478,-5.31501181917649e-05,-0.297464513493626,-0.000161787768613969
"ALHU",1803,3,5165.55352527174,3.46983481183688,NA,-0.111650936085657,NA,5175.85640366282,3.48707372183455,-7.62948464701477e-05,-0.108873414102745,3.90020837703024e-05
"AMAV",402,3,3112.37428076935,4.65313866254812,NA,0.417688302755748,NA,3118.71158469125,4.70102944518599,-7.5871847074691e-05,0.322080185849426,0.000155960860388251
"AMBI",411,3,828.948336535285,4.6990807871071,NA,1.57127479616745,NA,839.027250961737,4.73931408988068,-7.53512382238253e-05,1.37215044202301,0.00270489107639334
"AMCO",738,3,9095.27701412638,4.60431372807974,NA,1.1123427593825,NA,9097.3453032797,4.62425838544075,-2.6543296283727e-05,0.736911262279513,0.000413579196912929
"AMDI",73,1,117.496186602119,4.08240326892219,NA,NA,NA,126.748078262284,4.15617682553589,0.000140338494647196,-0.293938221742464,4.53943182041987e-05
"AMKE",2279,1,2251.47518972188,4.92045013350798,NA,NA,NA,2258.92389350483,4.82607319249247,0.000137941507455645,0.219029868755791,-0.000177981181782593
"AMPI",1390,4,3077.33206422738,4.41269647675078,-5.25023868300305e-06,-0.13992229536174,NA,3083.60962866691,4.40361972395493,-6.04117535591361e-06,-0.147280139704912,7.21131693990069e-06
"AMWI",264,1,1104.43418831412,4.78868767770483,NA,NA,NA,1116.93329711869,4.72553214634632,6.62275792042017e-05,0.221841738808651,-4.49446092017394e-05
"AMWO",91,2,245.897450025375,4.09420700157171,1.90021678193865e-05,NA,NA,256.934786823916,4.24616370441497,1.78244981455603e-05,0.000111946422083018,-0.000176695546092219
"ANHI",92,2,197.682864867632,5.02234051285165,-0.000218286276647222,NA,NA,204.525434005518,4.99739424543073,-0.000214630170685343,0.422720290870159,0.015572783367365
"ANHU",3025,4,10901.0740939997,3.8007352720981,-6.85028599936851e-05,-0.300774426928187,NA,10928.1275056752,3.80827872365142,-6.87065995517336e-05,-0.185684744297085,-8.83898006187125e-05
"ATFL",12335,4,25210.6315804668,4.35797228133828,2.31959169571564e-05,0.305737820816712,NA,25219.8644338389,4.35675118374603,2.49894254962272e-05,0.311738256879421,-7.34339104541741e-06
"AWPE",635,5,3941.69348141255,5.66862406675925,-0.000453829732939569,-0.42702677980582,0.00191785436700734,3941.69348141255,5.66862406675925,-0.000453829732939569,-0.42702677980582,0.00191785436700734
"BADO",565,1,958.669496508342,4.63371102249517,NA,NA,NA,960.761453869024,4.73820216942579,-0.000121460227609964,-0.0416185682426802,-0.000585961996971136
"BAEA",490,1,906.832881145286,4.79630771912068,NA,NA,NA,916.673835321987,4.81709274451542,-9.17193192589521e-05,0.375874873703022,3.47237541616475e-06
"BAIS",4673,4,9755.32822623145,4.78443255955045,-2.49157492018244e-05,-0.288730289303594,NA,9763.61728662368,4.78400201771666,-2.45351246335817e-05,-0.272511610415707,-2.45702328644357e-05
"BANS",1556,3,11886.5663198813,4.33668402166608,NA,-0.27574287010254,NA,11932.2268969168,4.33444102575096,-9.06232202115053e-07,-0.026896886865093,-6.66218909490917e-05
"BAOR",8940,2,15383.7593321389,4.05349579811561,3.16962846362923e-06,NA,NA,15506.3803847489,4.11763944518936,2.93305633871686e-06,-5.43375604816608e-05,-1.2306121176902e-05
"BARS",12697,3,35952.3578559824,4.23844414289282,NA,-0.0573880697838644,NA,35979.9907251038,4.23767413165814,-1.08171335271737e-07,-0.00514270126309062,1.66124824994587e-05
"BAWW",11780,4,17702.3738251075,4.19093273224227,1.16835212108453e-06,-0.388176404420928,NA,18290.9731600573,4.06331096859619,2.06018884985171e-06,-0.000188955361713578,-1.28605168611858e-05
"BBCU",1624,2,2211.72172576166,4.56323361435362,1.95335764799004e-05,NA,NA,2326.36198759221,4.66583273052731,1.57057295327455e-05,0.0757495674877636,0.000130817931549792
"BBMA",6752,4,4541.19304018211,5.23388203517303,7.29182399705965e-06,0.237199559662747,NA,4549.81798865429,5.23387871555374,7.41867527687992e-06,0.237915381201956,-1.30143248594211e-05
"BCFL",57,1,63.5834672723318,4.95393426909926,NA,NA,NA,65.1939209187187,4.49438740536897,0.00198606366149914,1.01460376373347,-0.00219226246844362
"BCHU",1100,4,1507.93361771869,3.72301805169816,-8.99720379946886e-05,-0.136124563200011,NA,1514.29708978145,3.72894330042066,-0.000103149319035035,-0.164104908502375,4.44229512884063e-05
"BCNH",277,1,715.174042713329,4.83590189317358,NA,NA,NA,725.11201714528,4.87741315721171,-8.07158986009061e-05,0.432777624465443,0.000208645173061725
"BCRF",137,1,252.624845180676,4.52275158954608,NA,NA,NA,261.782805978703,4.7337687221028,-9.61609255878563e-05,-0.360997391056397,0.000149634282750615
"BCSP",819,1,1210.82406704769,4.46037143602418,NA,NA,NA,1227.81221470314,4.41838583461309,3.21050394861842e-05,0.0496328780554299,-7.37870723314071e-06
"BCTI",194,3,179.364161238213,4.77165938901535,NA,0.883798778053835,NA,186.244466137427,4.78765887879792,-3.24809016017885e-05,-0.0741913506738703,0.00522084556095434
"BEKI",1618,4,2560.86609326206,4.41571179893397,2.93910079694866e-06,-0.316516031450192,NA,2597.3048354411,4.37895676726371,3.27211331177898e-06,-5.43100783938272e-05,-3.23886131885057e-05
"BESP",51,5,233.479208921144,3.44118208471368,0.000341411811232957,11.7501068777709,-0.00427756545771678,233.479208921144,3.44118208471368,0.000341411811232957,11.7501068777709,-0.00427756545771678
"BEVI",526,3,892.111788296445,4.22777157186245,NA,0.421112599506569,NA,903.522317008329,4.22043105233601,1.56306484619162e-05,0.372123038343046,4.23496932888096e-05
"BEWR",12573,4,33582.9283169133,4.2095765384746,-1.81534552447336e-05,0.119406078302404,NA,33589.9470342428,4.2143167975684,-2.53571083438039e-05,0.0916548277605616,2.73025957800624e-05
"BGGN",11071,5,21623.5147770391,3.63951794971669,7.74975531157877e-07,0.158888367573077,2.35826789379468e-05,21623.5147770391,3.63951794971669,7.74975531157877e-07,0.158888367573077,2.35826789379468e-05
"BHCO",51171,5,125086.02014221,4.24730218464815,-3.0825670234793e-08,0.0223281928303168,-3.74128677981813e-05,125086.02014221,4.24730218464815,-3.0825670234793e-08,0.0223281928303168,-3.74128677981813e-05
"BHGR",15301,4,35203.1283306748,4.2667291812577,5.34057718135977e-05,0.249357938358128,NA,35207.5637460102,4.26141236456209,6.46587487935412e-05,0.26791038992043,-4.18603747491826e-05
"BHNU",121,1,235.607724448492,3.78161253643231,NA,NA,NA,245.469484944782,3.84314002726062,-0.000331255581101479,-0.194004299207016,0.000989525586096563
"BLBW",6674,4,10819.8699292005,4.17158715117046,9.75229296321765e-07,-0.492070242972772,NA,11161.0994440497,3.9103539097271,2.91659336178604e-06,-0.0507479368793094,-1.93407030723721e-05
"BLGR",3036,3,4764.74857710849,4.3239264356425,NA,0.319467016834768,NA,4770.74048315774,4.31687461389412,1.4063742441826e-05,0.244565926128355,0.000121103148918085
"BLJA",31224,2,53955.1132767188,4.39900747786359,1.39279564663119e-05,NA,NA,58667.7403436418,4.70425797474974,9.97920483856284e-06,-2.08357585307404e-07,-3.4976570217959e-05
"BLPH",1562,2,4391.21525181742,4.13229477023813,-8.80022227560373e-05,NA,NA,4401.41764109497,4.1191469886044,-8.86518750688792e-05,0.12519461108274,8.32587646200035e-05
"BLRA",259,2,1273.35948858461,4.10290027497426,-0.00018362413417136,NA,NA,1284.29560286221,4.10293679881927,-0.000183419549606449,-0.029447341997928,0.00356079069160404
"BLRF",105,1,194.707333840025,4.32373963490658,NA,NA,NA,205.199027548717,4.34929823312599,-0.000117827809879217,0.325337284845524,2.93916050298928e-05
"BLTE",277,5,1499.611992868,4.77867181037136,-0.000166847980210106,0.576224334588164,-0.00133662648274718,1499.611992868,4.77867181037136,-0.000166847980210106,0.576224334588164,-0.00133662648274718
"BLVU",359,5,1201.67893637868,4.66587119133763,1.71011376910299e-05,2.74989089384052e-05,0.0100379074931969,1201.67893637868,4.66587119133763,1.71011376910299e-05,2.74989089384052e-05,0.0100379074931969
"BNST",407,5,4205.47117161466,4.33023063773178,0.000219010323494282,0.124975311298311,0.0196559860023185,4205.47117161466,4.33023063773178,0.000219010323494282,0.124975311298311,0.0196559860023185
"BOBO",10723,5,26877.9340502772,4.38771878901867,2.73617166591168e-06,0.0394954793255471,0.00018561273170048,26877.9340502772,4.38771878901867,2.73617166591168e-06,0.0394954793255471,0.00018561273170048
"BOSP",211,1,396.017221317118,4.28039778644188,NA,NA,NA,407.184818021431,4.288208282943,3.68441241578004e-05,-0.158426561641935,4.2626934417341e-05
"BRBL",6894,1,26449.5049592062,4.35619986315522,NA,NA,NA,26475.2359024191,4.35622823434941,2.69846176925136e-07,-7.32370619520139e-06,-3.65653501926889e-06
"BRPE",121,4,165.523791167588,6.58761437365347,-0.000120680264127185,21.3697884114175,NA,176.171898085804,6.69405386821034,-0.000134844101407071,0.788065458896583,0.0242389861884833
"BRSP",22788,1,45869.9642659662,4.42169741968847,NA,NA,NA,45887.017639351,4.40723643845971,1.46760406908704e-05,0.0244062625678008,-1.50520715327471e-05
"BRTH",4341,2,6945.1342227172,4.38927962626748,5.08866922965029e-06,NA,NA,7013.43418420322,4.40262915974233,5.01953249150959e-06,0.105861736768652,-3.40237720076569e-05
"BRTI",68,3,129.419078029755,3.76398625570772,NA,0.516062442003586,NA,136.994845850635,3.74707750509457,2.53598854016542e-05,0.563156137677566,-0.000149445111356161
"BTGN",211,1,326.11725162972,3.87671275614095,NA,NA,NA,340.573180054047,3.87073808819081,5.25061421542522e-05,-0.0193303281552708,-6.60863485934151e-05
"BTGR",195,3,1156.32134752896,4.33788388706489,NA,-25.417326350836,NA,1166.84976815311,4.33778832880133,9.02008373817414e-08,3.74368114667008,-4.93341106736581
"BTHU",6809,1,7760.04385375367,3.69056249079713,NA,NA,NA,7783.21069520876,3.67849667404021,1.06456848665466e-05,0.0213698223928875,-1.54606722428935e-05
"BTPI",1257,2,5866.04816536546,4.9207613857312,-0.000299674415270112,NA,NA,5870.34687891199,4.89570549203601,-0.000370584940057231,0.044470152884857,0.000130380140281897
"BTSP",5314,2,9744.90607756721,4.49927792839532,-2.13891483736464e-05,NA,NA,9757.01316964423,4.50935693709824,-1.48804606150349e-05,-0.0341989353739411,-1.22876186607871e-05
"BTYW",6038,1,11364.5624841522,4.22848353823471,NA,NA,NA,11381.8685580303,4.20112171685493,9.01035369809229e-06,0.0600191403135291,-1.70253563527148e-05
"BUOR",4966,3,12111.5846402367,4.11562989420614,NA,0.381452300320936,NA,12123.7928785045,4.10956281545274,9.71211786306409e-06,0.352811149580895,4.8115433241961e-05
"BUOW",374,1,152.689844480501,5.58698872335142,NA,NA,NA,169.278352743047,5.55497424574724,-3.5462048032489e-05,0.0501913032309292,0.000265351218014872
"BUSH",3787,1,15406.8386466247,3.53641873467338,NA,NA,NA,15421.8936615494,3.54174424979431,-1.7859758659397e-05,0.0214545832171891,2.72804222064025e-05
"BWHA",164,3,469.544671392626,4.68226849148279,NA,-0.404465783786592,NA,475.29840688273,4.70619321289498,-8.46226960314203e-05,-0.514835698221372,0.000307539337010199
"BWTE",1135,4,5219.21710108729,4.42799820884073,5.08609887357703e-05,0.483380772109502,NA,5224.18046097754,4.42487650863056,5.73290424858292e-05,0.539969765860972,-0.000126614868391647
"BWVI",374,2,982.229057640754,4.72070110600448,6.58955640913092e-05,NA,NA,994.077567177994,4.72079113472,6.58977592573176e-05,0.0735194817705514,0.0198425588776092
"BWWA",733,5,1591.35466626971,4.15205990159285,1.71743139766632e-06,-0.135488750064607,-0.000104623207162091,1591.35466626971,4.15205990159285,1.71743139766632e-06,-0.135488750064607,-0.000104623207162091
"CACH",3668,5,9041.10149093203,3.64731140525651,2.69321163991363e-07,0.190239205460035,0.000465004693916475,9041.10149093203,3.64731140525651,2.69321163991363e-07,0.190239205460035,0.000465004693916475
"CACW",1142,1,1251.80509794546,4.82293093709424,NA,NA,NA,1270.74437017692,4.81954334965597,3.11077388160856e-05,0.00679986623966365,-5.79234814892877e-05
"CAEG",574,2,2699.83623249838,4.77584759193618,1.69805245678317e-05,NA,NA,2700.67982897433,4.76625385541815,1.69896626510105e-05,0.0169092451973165,0.000776348441858249
"CAFI",4666,3,8676.5248205341,4.33172869568644,NA,0.138215984044767,NA,8685.65275640151,4.33934696650145,-1.22251514031095e-05,0.150393320514701,-2.92031412257024e-05
"CAGO",759,5,13288.5229765348,5.27449732145613,-0.000168976356420464,-0.582693004730824,0.00212947028030654,13288.5229765348,5.27449732145613,-0.000168976356420464,-0.582693004730824,0.00212947028030654
"CAGU",365,3,1059.33952686652,5.63137335029135,NA,-0.624363529862724,NA,1068.93427301165,5.61680690099676,2.77872061718688e-05,-0.69908414217862,6.95339505409248e-05
"CAHU",372,1,1150.52068201966,3.52042591001334,NA,NA,NA,1163.41083632851,3.41071687623415,0.000171412221088351,0.11974118968916,-7.21794208353147e-05
"CAKI",1197,1,1436.5170496532,4.82895257489921,NA,NA,NA,1454.91364084883,4.79335449367415,1.86327519655248e-05,0.0173598105133176,5.02478650734005e-05
"CALT",3655,4,11324.4453533977,4.27676637279565,-7.74900706982165e-05,-0.337116892146935,NA,11331.4169867792,4.28768201479789,-9.17487993275857e-05,-0.38128788619484,0.000100787461321105
"CANG",5097,4,20573.545181089,5.12160843483186,5.07190438454949e-05,0.200620307439222,NA,20573.9185342505,5.10779908428142,8.14187756191798e-05,0.25589449308233,-9.70263870085083e-05
"CANT",546,3,855.606610481781,4.2692979922309,NA,0.236767203966581,NA,864.2480690674,4.30479043135284,-4.76805146664756e-05,0.225210828713508,3.01677606487751e-05
"CANW",938,2,570.225846962804,5.07112291010342,0.000277807657505385,NA,NA,581.075483216907,5.0814503283801,0.000130593777450227,0.00708622824488405,0.000370014489118938
"CAQU",5560,2,19113.9116132814,4.54195193884478,-6.37381791837849e-05,NA,NA,19122.6564076833,4.55307850823163,-6.75574683624866e-05,-0.116823227579544,2.81768836504108e-05
"CARW",8015,5,17360.4757423484,4.20935855753301,-1.08505732397221e-07,0.0370803684692926,0.000317860330609003,17360.4757423484,4.20935855753301,-1.08505732397221e-07,0.0370803684692926,0.000317860330609003
"CASJ",3115,4,11013.5311008477,4.56721951479025,-4.56975005711248e-05,-0.358545451034389,NA,11020.1472967337,4.56298015060635,-3.51638922867821e-05,-0.332844088698291,-6.16175438367583e-05
"CASP",7079,1,10027.383238837,4.87309660725129,NA,NA,NA,10044.7739054547,4.85492396775311,1.59363590758301e-06,0.0889395010095971,-2.49797741985122e-05
"CATE",250,3,368.383496661482,5.54507832402398,NA,17.0816655161854,NA,380.070013550713,5.43844095287623,0.000350963252213959,0.575092620149895,0.0214924450039487
"CATH",620,5,1207.14146648028,5.00920823743054,-0.000258006721001843,-1.04427906311098,0.000743326536327651,1207.14146648028,5.00920823743054,-0.000258006721001843,-1.04427906311098,0.000743326536327651
"CAVI",5478,3,11788.4083343355,4.28999332116186,NA,0.123603918151223,NA,11793.7606767805,4.29880358026,-1.68109529746326e-05,0.133088290931445,-5.57063564746944e-05
"CAWA",4299,4,7552.79371862104,4.40278875830552,2.43633823879149e-06,-0.509689334752396,NA,7985.28700464589,4.190148550388,4.40327945607784e-06,2.61320294979227e-05,-2.19596729020581e-05
"CBCH",5399,4,16996.0950852645,3.7169867884789,2.94494548696705e-05,-0.0703591790820201,NA,17002.9173939311,3.71179307942163,4.54610365313978e-05,-0.0576298482320094,-2.99727638202299e-05
"CBTH",368,1,368.086916908821,4.82843066668505,NA,NA,NA,381.201864161663,4.94506003867324,-7.43772685839479e-05,-0.154939276311902,4.13353126295606e-05
"CCLO",6830,4,19127.2599912223,4.59441349919511,-1.36698302712529e-05,-0.191103118752558,NA,19134.2744542965,4.5931646196033,-1.25149342596947e-05,-0.168587099455405,-3.06338996011955e-05
"CCSP",10216,5,24399.8421095329,4.38040896799543,2.35057890137244e-06,-1.17807470829419e-05,-2.14861005963745e-05,24399.8421095329,4.38040896799543,2.35057890137244e-06,-1.17807470829419e-05,-2.14861005963745e-05
"CERW",291,2,590.385229371044,3.89073428753424,8.73345627516756e-06,NA,NA,600.087261667861,3.87831963436979,3.27393321902634e-05,0.0296610153983125,-0.00010765454766085
"CHRA",727,1,233.740291621139,5.81510833294157,NA,NA,NA,244.804818769952,5.53860714536323,0.000317560210855091,0.497827765355635,0.000140285045716677
"CHSW",1619,5,5021.67784305732,4.40671135434181,-4.77896146143832e-07,-0.0260289752607865,-0.000142556624834556,5021.67784305732,4.40671135434181,-4.77896146143832e-07,-0.0260289752607865,-0.000142556624834556
"CHUK",710,3,310.493610434083,5.35635186874306,NA,0.568746583489317,NA,317.445176683459,5.46765715093219,-0.000119197014767349,0.663981902006822,-7.73101600501637e-05
"CITE",154,2,644.141194340919,4.52835552141104,0.00016685598536786,NA,NA,653.218854568212,4.52601751576988,0.000144384547215371,0.0742654607230872,0.000141387023271997
"CLNU",7086,2,6998.03975098352,4.98776528911069,-3.55287017833196e-05,NA,NA,7008.60386243164,4.96585781486665,-7.64138219837758e-06,0.0524311930376612,-5.56533365137626e-05
"CLSW",6797,4,65449.0952255699,4.6360133338464,6.46485646543839e-07,-0.254445100479498,NA,65768.6010657214,4.63632689647095,1.0776057203885e-06,-0.032238194258109,-3.59685089713513e-05
"COFL",2981,1,4417.62227740435,4.19568856683951,NA,NA,NA,4440.41537596898,4.20252683208898,1.39538018805787e-06,-0.00712937223421391,-1.37075536649228e-05
"COGA",135,4,390.688508691937,4.08062311993207,0.000273499874582555,-4.95203334567147,NA,395.79937876156,4.08361414509249,0.000266529666935992,-1.33821391994066,-0.834491534854419
"COGD",52,1,181.253511968705,4.21807546084967,NA,NA,NA,188.689712523896,4.12688712261987,5.26385885955483e-05,0.413978343276056,0.0281847245537442
"COHA",411,1,758.191654276143,4.38805948387282,NA,NA,NA,770.1260488225,4.43781277234463,1.13059494553361e-05,-0.1590993143848,-6.94864333733245e-05
"COLO",496,1,386.351699653863,5.85060467326059,NA,NA,NA,398.967119555511,5.71829725846755,-6.11968073521386e-05,0.521280311861287,4.00070766841556e-05
"COME",184,3,561.499372720916,4.3433136051029,NA,0.918606253130978,NA,570.835183355346,4.32527332113284,3.43543905516483e-05,0.890573745430579,5.6603709338341e-05
"CONI",3721,1,3611.17393923052,4.96272184428613,NA,NA,NA,3632.53286012574,4.96980412782374,1.21942878837055e-05,-0.00198953611338819,-5.63058299210008e-05
"CONW",4719,5,8522.03791498951,4.14036038537034,1.37367408769511e-05,-5.99398824793691e-05,-2.58243361828429e-05,8522.03791498951,4.14036038537034,1.37367408769511e-05,-5.99398824793691e-05,-2.58243361828429e-05
"COPO",149,1,85.9684097937922,5.25202686106377,NA,NA,NA,92.4392055264755,5.50306387636443,-0.00022931210445168,-0.974618107091891,0.00213937303021193
"CRTH",155,1,162.732510027038,4.73884129302476,NA,NA,NA,175.698212017497,4.65740412041829,0.000112027442930748,0.202492677216369,-0.000214426852321303
"CSWA",15614,3,31035.9940671127,4.7725037807848,NA,-0.999732707381764,NA,32896.9254475354,4.30426627646887,5.34904581606811e-06,0.134228150276367,-1.64577050755229e-05
"CWWI",101,1,180.74946583519,4.43102146254006,NA,NA,NA,191.897606498461,4.40487382667348,5.29255946419614e-05,-0.076231187891744,0.00276414603272589
"DCCO",1306,4,7984.40173992854,5.37756407412621,-0.000368644882299375,0.953135235732345,NA,7993.12537893193,5.38284970488374,-0.00037175710855544,0.560450874519535,0.000182885890742329
"DICK",4318,3,10304.4614142184,4.25282223601713,NA,0.587797884740061,NA,10328.8107527907,4.25489990919604,1.39346952683612e-07,0.46793387963811,6.58075521535874e-05
"DUFL",14790,1,31843.1027989852,4.20484210337479,NA,NA,NA,31862.707105392,4.21294240844041,-4.46246841671255e-06,-0.0023895755705962,-1.68540218218729e-05
"DUGR",436,1,631.550812972467,4.30286331739073,NA,NA,NA,644.964434826883,4.25678737160898,3.33982390942959e-05,0.222600845533252,-0.000221643192543058
"DUNL",103,2,1326.25286984291,5.73996553414761,-1.46873416948633e-05,NA,NA,1372.29673231848,5.49215351230911,-1.34518780354235e-05,-2.93195580132358e-05,-7.70956775729912e-08
"EABL",3419,2,6716.52926293459,4.25304320849105,2.41652383545421e-06,NA,NA,6730.0754882017,4.26160928841732,2.37990368524846e-06,-0.0559388749908393,3.32794785579895e-05
"EAGR",71,5,163.546759681624,5.3590126377378,-7.76146895584873e-05,-2.17414719940029,0.00780042305921589,163.546759681624,5.3590126377378,-7.76146895584873e-05,-2.17414719940029,0.00780042305921589
"EAKI",8440,2,12755.8675284156,4.2222088666403,8.74951955584908e-07,NA,NA,12776.8671602677,4.23385379253276,8.32122118568735e-07,0.00357645386255379,-5.15214836417503e-07
"EAME",6769,4,10572.2878541485,4.40259239741996,2.98755585486637e-06,0.452671614159597,NA,10612.2717234905,4.4587695436431,2.74680489411324e-06,0.412574555140108,0.000159083672172511
"EAPH",3227,4,4650.54543210967,4.31348149883594,5.56855275763806e-06,-0.171814770530251,NA,4678.19805812352,4.26611688951791,5.87316331193847e-06,0.00442540487735583,-3.67114485320412e-05
"EATO",5493,2,10052.021250108,4.24089401859723,5.85925401549566e-06,NA,NA,10103.1918820269,4.25249761840338,5.81153613363264e-06,0.013158070619585,0.000126990397678301
"EAWP",15102,2,26670.1948147416,4.22334186343666,1.00739434600719e-05,NA,NA,29014.6332369467,4.51855719174756,7.72465557592627e-06,2.72019370481922e-05,-3.82948187422829e-05
"EUCD",2766,3,3934.74747052526,4.67535669834609,NA,0.170196597024509,NA,3947.70009107532,4.68009810925415,-9.75611037805439e-07,0.150643562334332,-2.87201171362368e-05
"EUST",18518,5,61373.7280989982,4.1714091420683,2.40195750747318e-06,0.0591145580644789,0.000129971265823538,61373.7280989982,4.1714091420683,2.40195750747318e-06,0.0591145580644789,0.000129971265823538
"EVGR",4854,5,12636.5059313901,4.61380417537359,7.2600409728785e-06,0.084946774536871,-5.04974278900378e-05,12636.5059313901,4.61380417537359,7.2600409728785e-06,0.084946774536871,-5.04974278900378e-05
"FEHA",198,1,193.4883060492,4.97692761870401,NA,NA,NA,203.911087159018,5.16521779168464,-0.00014158184448892,-0.649149667506679,0.000669229561735845
"FICR",602,5,1012.68311636382,4.6086779163056,0.000305067886063356,-0.285260912956339,0.00271729061561756,1012.68311636382,4.6086779163056,0.000305067886063356,-0.285260912956339,0.00271729061561756
"FISP",7893,5,13201.5479577033,4.53371425252465,3.4586921338968e-06,-0.00829411266764714,0.000199690560819566,13201.5479577033,4.53371425252465,3.4586921338968e-06,-0.00829411266764714,0.000199690560819566
"FOTE",256,2,1350.46298491332,5.07729583746427,0.000166969022296635,NA,NA,1359.54586232846,5.06607001164336,0.000182457329496755,0.309152765808579,-0.000718186026920718
"FRGU",155,3,1136.81234617542,5.20296670793823,NA,-1.05469645147776,NA,1142.78626811282,5.206092370555,-4.70618361778669e-06,-1.13963296304658,0.000138844809501088
"GADW",637,1,2105.23003709662,5.09950778370384,NA,NA,NA,2117.66358567299,5.06768994873976,2.38563647103469e-05,0.161430500631189,0.000158774412757412
"GAQU",1589,3,1593.48095122801,4.89869709300993,NA,0.240852337192476,NA,1606.03284077521,4.89186210352418,9.10333485308819e-06,0.308231538018393,-5.06748646272016e-05
"GBHE",4091,1,8510.85516041099,4.79662812700797,NA,NA,NA,8524.67820221409,4.78609145925757,1.2012881899257e-06,0.183441479063984,0.00021002408694522
"GCFL",13082,5,24762.5887380672,4.22483897498228,6.49597287242266e-06,-0.0043394365829165,-4.62068123465489e-05,24762.5887380672,4.22483897498228,6.49597287242266e-06,-0.0043394365829165,-4.62068123465489e-05
"GCSP",141,1,982.259048020478,3.65501327906267,NA,NA,NA,994.477258483616,3.64096856379525,1.09679743431585e-05,0.0524444297535884,-2.13224287735636e-05
"GFWO",303,1,244.483748823127,4.9925888649268,NA,NA,NA,253.436289319225,4.87334850679524,8.12041746230689e-05,-0.0614755709046504,0.000907055098931821
"GHOW",629,3,1099.17523974918,4.52709452843922,NA,0.312727564477559,NA,1105.2436756472,4.49642928666731,3.63987523709916e-05,0.30164931204907,0.000323729258858701
"GIWO",190,1,163.212274206507,4.9895496134691,NA,NA,NA,170.20270858454,4.8219594255348,0.000385221920453729,0.192333687603519,-0.000461245752699628
"GOEA",274,1,120.1839518178,5.47382601948728,NA,NA,NA,133.320003433692,5.70663939118634,-0.000256072499696319,-0.0278343183729196,3.6317567087807e-05
"GRCA",9741,4,19217.667417159,4.0624116890101,2.17387023001655e-06,-0.213411548791359,NA,19466.07501554,4.08989098977353,2.07279380015791e-06,-4.34202312986335e-05,-1.77975769060267e-05
"GREG",2326,5,6878.13906440561,4.92944342553647,4.96912460768019e-07,0.26208503663602,0.0175553217651099,6878.13906440561,4.92944342553647,4.96912460768019e-07,0.26208503663602,0.0175553217651099
"GRFL",5497,1,9286.51842605192,4.12828229376959,NA,NA,NA,9302.95163866636,4.15329270519206,-1.79790714564187e-05,-0.0310262227699532,5.01427374298407e-06
"GRHE",591,3,1544.59833479119,4.44395210011234,NA,0.704835469541032,NA,1551.17941690712,4.48372186780265,-8.53693166324414e-05,0.838909455588636,-0.000798330618072681
"GRPC",334,1,104.695002294187,6.14282989323258,NA,NA,NA,120.50625522809,6.21781908082878,-0.000180953746410538,-0.441054958202664,0.000813627933062245
"GRRO",503,2,350.265848661971,4.82943691037288,0.000520147628981013,NA,NA,363.223661383143,4.93693111487444,0.000317314917250103,-0.11036091663368,0.000501720929982115
"GRSG",100,1,159.887119408024,4.71422950654331,NA,NA,NA,171.302772121237,4.71187617630071,-4.48444951376876e-05,-0.17101992549337,0.000552477843190165
"GRSP",21006,3,42973.1335071632,4.21148020122598,NA,-0.0625418409762988,NA,43017.6507856405,4.20881058138805,-8.31946989725704e-08,-0.0105148959641572,-2.16611823442582e-05
"GRVI",2245,1,2780.90499313266,4.564318163669,NA,NA,NA,2802.62439694323,4.5640978083978,2.05466393588026e-05,-0.0215305735567018,-2.21070055356856e-05
"GRWA",2116,1,3600.72678427462,4.31564413430016,NA,NA,NA,3623.09592115678,4.32842592517749,-1.13490869768396e-05,-0.019932625382886,1.33704268497763e-05
"GRYE",621,3,2129.87348615504,4.56296480841382,NA,-0.605718846694227,NA,2148.73621870691,4.5167551911502,-8.74904943252033e-06,-0.21825566377046,7.0585077160303e-06
"GTGR",593,3,1682.10603106922,4.82378216305068,NA,-0.311387114638727,NA,1690.96096666705,4.82385990683233,8.5296849040723e-07,-0.376472261466966,8.88323487912732e-05
"GTTO",12409,1,21806.1290969541,4.4525757285376,NA,NA,NA,21830.5860954424,4.46334767573621,-8.07958262643963e-06,-0.0287291443364526,1.87883378936079e-05
"GWTE",94,2,713.947542228976,4.34134366490491,0.000224694078048494,NA,NA,722.581088376816,4.33679342735104,0.000230392069917522,0.293909483638287,-0.000857590923831781
"GWWA",1058,2,2623.68238298188,4.30467855576159,3.02158320727547e-06,NA,NA,2702.40278562901,4.49457684285231,1.98819540596352e-06,0.000483648417772695,-0.000483738281567422
"HERG",77,2,84.2060769160695,5.18545959232674,0.00407358749507597,NA,NA,104.064924662629,5.72468545893918,0.0149092926119248,-0.805972915229991,-0.0129077107896097
"HESP",127,3,243.523005368643,3.87150210113932,NA,0.457258599173527,NA,250.958539283971,3.98154137999889,-0.000289271649284434,0.270121069704723,0.00118124675781703
"HETA",616,1,831.063053339236,4.48545906009112,NA,NA,NA,845.078300360059,4.48334247701328,-5.32367461146714e-05,0.0475572108847709,8.0310131573272e-05
"HEWA",6995,5,28058.2112769884,4.32669837373027,0.000460172897234986,0.0552756143462013,-0.000482790927228907,28058.2112769884,4.32669837373027,0.000460172897234986,0.0552756143462013,-0.000482790927228907
"HOFI",12242,4,40168.9193989416,4.23928478529282,1.36921083809036e-06,0.0597512829448903,NA,40178.268329481,4.23929155866366,1.37669473475538e-06,0.0597499579239183,-2.37991932572956e-06
"HOLA",43830,3,107219.919310859,4.44506933645854,NA,-0.0312504997789047,NA,107229.666246148,4.4464749917651,1.14530511548443e-07,-0.0222843592281256,-5.49166292084827e-06
"HOME",111,3,398.861655299506,4.54515066784429,NA,-0.563178328794278,NA,400.036384518105,4.60150332191322,-0.000196917058926296,-0.961684751838893,0.000956730055984111
"HOSP",6932,4,15306.2155706442,4.04426509145334,2.23224624657018e-06,0.120751879511928,NA,15456.9669426078,4.10364782457647,2.08144504970971e-06,0.106312496644188,4.9407542263369e-06
"HOWA",2596,3,5304.9633601828,3.9600579182007,NA,0.182281076883433,NA,5326.81888067929,3.9980064950724,9.10150840843194e-07,0.0708848012314336,0.000223431172022741
"HOWR",28769,4,65512.222387229,4.18785273574761,3.16653815035081e-06,0.08311827505202,NA,65576.3338180804,4.20280643496354,3.11798095771321e-06,-0.0118400977046523,1.04881028873023e-05
"HUVI",1645,1,5212.01231752657,4.20049119621266,NA,NA,NA,5229.98414309733,4.20640575827481,-2.18089190550669e-05,0.0383045262404574,-7.66472508978791e-05
"INBU",15647,2,29844.8164665795,4.09072540073582,2.81572207561369e-06,NA,NA,30120.0078727321,4.16439765287585,2.57332394278267e-06,4.88295609926814e-06,-1.44972439264859e-05
"JUTI",3305,1,5553.26632465505,4.17855874910857,NA,NA,NA,5575.66480106873,4.16321830892478,1.04326578084552e-06,0.03648681374511,-6.11426978932486e-07
"KEWA",1587,5,3196.56033072742,4.05865233033846,-0.000126719016760037,0.172869866124316,0.000642973747843192,3196.56033072742,4.05865233033846,-0.000126719016760037,0.172869866124316,0.000642973747843192
"KILL",13963,4,22606.5614403147,4.50974323565513,2.62820420640468e-06,0.27312037429837,NA,22778.2961524465,4.59179099229044,2.40561504024207e-06,0.181857938884104,-1.8338681259849e-05
"LAGO",82,1,353.234604980099,4.30846234204806,NA,NA,NA,365.671896198936,4.27188671993323,5.44477491974531e-05,-0.634752637197579,0.000143919770070171
"LALO",53,2,71.8943039791395,4.56404216431167,-8.80298115810809e-06,NA,NA,91.5784595302013,4.24845092639257,-7.0323866370778e-06,-0.00279308433540117,7.65532481954508e-06
"LARB",13936,3,32386.2318746671,4.74392331162644,NA,-0.0471284749722401,NA,32398.5959643122,4.73503272022166,1.27916751592857e-05,-0.0464548192461654,-3.13985900911386e-06
"LASP",14484,3,26834.7819099936,4.37419193118748,NA,0.0730118428242054,NA,26857.098416841,4.39416973418489,-4.71553616852703e-06,0.0503040670562309,-2.25048145364092e-06
"LAZB",7694,4,16267.5420251081,4.21115847624355,3.49556315212905e-05,0.130872316660658,NA,16274.9541349678,4.20713792571582,4.37816067025939e-05,0.146194265767449,-2.59656291845316e-05
"LBCU",2599,1,2306.47062468106,5.25159656295192,NA,NA,NA,2326.41300061175,5.29887252242973,-5.73156284720191e-05,-0.0423145358228913,4.78617073041945e-05
"LBHE",371,4,809.977410988684,4.91424734304172,-1.00685142017126e-06,0.491424848470843,NA,810.500289263363,4.91424606902413,-1.00668077119191e-06,0.476077930047629,0.00824906749618906
"LBWO",437,1,527.421103900444,4.52637711146896,NA,NA,NA,544.465643672642,4.49479397685529,2.85801193072904e-05,0.0250284064181996,1.03070498871689e-05
"LCSP",1578,3,3370.1318477545,4.07088214658164,NA,-0.207620798775666,NA,3387.91339428583,4.05831203019278,1.99020548937569e-06,-0.0559317208845667,-9.98831475139124e-06
"LEGO",4461,3,15593.146024913,4.16848727388122,NA,-0.0724105977417376,NA,15609.7716091009,4.1697729627646,-2.67918616024216e-06,-0.070074017754797,-1.97329787726441e-06
"LESA",222,2,5752.06419665898,4.62265914946001,-9.1190357692449e-06,NA,NA,5762.30412483586,4.62474657274705,-8.95581890271989e-06,-0.070050953952367,7.64139458932995e-08
"LESC",116,5,1132.51169768566,4.51342534043751,0.000686263338929548,0.765090097364924,-0.000750931189761433,1132.51169768566,4.51342534043751,0.000686263338929548,0.765090097364924,-0.000750931189761433
"LEWO",178,1,206.643637888156,4.74528766683452,NA,NA,NA,218.934097166869,4.60620445371415,9.15068353727908e-05,0.209574570476677,3.83295674801732e-05
"LOSH",1575,3,2131.190952293,4.48611437539995,NA,0.315597299212944,NA,2147.92603999779,4.54795258007111,-5.95758088248703e-07,0.242915682607705,-4.05857641523584e-05
"LOWA",275,1,682.54853356228,4.03461008002261,NA,NA,NA,696.156216121733,4.03494189233313,-2.67663324777098e-06,0.104130386846419,-0.00019600247853529
"LUWA",295,1,527.850479855507,4.15099696720113,NA,NA,NA,532.929819927829,4.13998160203705,6.97789988219296e-05,-0.00931493768643939,-0.000134156293711837
"MACU",176,2,402.144116727394,4.6188927460167,6.66587434350673e-05,NA,NA,412.485081907528,4.61866584068576,6.66961703041797e-05,0.0556680631421077,-0.0106274844584463
"MAGO",1295,2,5343.75892026097,4.51047128891067,6.70931090893691e-06,NA,NA,5353.36221449283,4.50303795584338,9.29669216717324e-06,0.0886570652962017,-1.93277262953294e-05
"MALL",6067,2,23068.3747371888,4.8848431762583,5.2227002831721e-05,NA,NA,23096.0257618639,4.91246758711604,5.2145038468578e-05,0.0964037323739272,-2.7173569796262e-05
"MAWR",3471,5,24881.8559047094,4.02964450050189,1.61515057143087e-06,0.249521512734167,-5.80207388555033e-05,24881.8559047094,4.02964450050189,1.61515057143087e-06,0.249521512734167,-5.80207388555033e-05
"MCLO",2162,3,4584.59450257539,4.74369581283885,NA,-0.431057476782516,NA,4597.62151654293,4.75815651339812,-1.72393409981223e-05,-0.452376291790336,2.62211270694511e-05
"MEJA",148,3,406.005565865084,4.42107860026456,NA,0.333164254607612,NA,414.977738967763,4.4183771932371,1.41136288620005e-05,0.283862720516052,4.57325963924018e-05
"MERL",76,1,115.568483491763,4.77483046427625,NA,NA,NA,124.389641451977,4.63041655197686,0.000208459684647271,-0.0462570258438341,0.000121072329354235
"MGWA",8749,4,17341.9753204886,4.18621301665453,-3.16324800356451e-05,0.050214387496328,NA,17345.7814716989,4.18506007857436,-1.16900385505239e-05,0.0292920579085242,-3.1340934595067e-05
"MIKI",282,1,471.499981143106,4.6297652910662,NA,NA,NA,487.878606996317,4.64602529339532,1.53885119455605e-08,-0.0413051045458323,4.04932372975916e-05
"MOBL",8193,1,12202.3550661701,4.48765620606609,NA,NA,NA,12226.4233196879,4.48588752707979,-3.95916450598738e-06,0.0254580990135186,-1.30019796261601e-05
"MOCH",28925,5,69904.086051732,4.18806100633572,-8.82668587586809e-06,0.163348005029389,-4.73836691115371e-05,69904.086051732,4.18806100633572,-8.82668587586809e-06,0.163348005029389,-4.73836691115371e-05
"MODO",64820,5,99789.0214362424,4.58575451636148,4.96299051657741e-06,0.172619961933773,7.76260268792441e-05,99789.0214362424,4.58575451636148,4.96299051657741e-06,0.172619961933773,7.76260268792441e-05
"MODU",70,2,324.814637377567,4.50151993384992,0.000218883226930424,NA,NA,328.094602337595,4.51102019327918,0.000230975577281921,-2.91781165139959,0.525088810246168
"MOPL",199,1,145.302918756299,5.12891219966197,NA,NA,NA,159.012756981018,5.08609329503345,-4.8228792233115e-05,0.280625136188171,9.32884429475683e-05
"MOUQ",1971,3,2254.07417902854,5.29132513372982,NA,0.282241035341139,NA,2268.93393397684,5.30443613105548,-5.72937804069781e-05,0.258306912136495,0.000106236631123892
"NESP",72,1,113.110197645518,3.92066406703027,NA,NA,NA,124.342739024126,3.92067625697207,-7.00911627454033e-06,-0.000249203248872745,-2.86253372543303e-06
"NOBO",3436,3,3228.63736930796,4.93700759958746,NA,0.259018642747429,NA,3240.51774364918,4.9230468524437,2.72792593817156e-05,0.22848513057636,7.9563295693636e-05
"NOCA",24962,2,54265.7931393998,4.27162951434097,3.10060352012734e-06,NA,NA,54468.0714180698,4.32322143586051,2.96613926660656e-06,5.07717308073719e-06,-7.58764527089758e-06
"NOGO",109,3,166.929024894474,4.34575141231347,NA,0.421488390709537,NA,176.087093578656,4.35556915587099,-1.77555368750469e-05,0.455185180394167,-0.000116754302819091
"NOHA",1757,1,2138.88943342937,5.18094920156004,NA,NA,NA,2159.67789048069,5.14841639363828,5.66384728368523e-05,0.0490302130140277,-2.1173776828463e-05
"NOMO",12943,5,17980.3326337042,4.60417498606745,-5.62554435013833e-07,0.0917520668479413,0.000168593887998083,17980.3326337042,4.60417498606745,-5.62554435013833e-07,0.0917520668479413,0.000168593887998083
"NOPA",4859,2,11474.7910451612,4.05445560480905,8.80343155138886e-06,NA,NA,12009.3854720211,4.30406179418317,5.84414428877013e-06,-5.52800959617374e-05,-2.59879431250065e-05
"NOPI",313,3,702.466053590894,4.77217523573312,NA,0.34659374074638,NA,712.711288289226,4.7706400722586,1.90761690123474e-06,0.204696925919531,0.000193768543032958
"NOPO",158,2,156.965313436193,5.28867950770152,-0.000205584453492754,NA,NA,165.806009482129,5.12306512804471,-0.000112848931041581,0.286756671181384,-0.000138246711429988
"NRWS",2520,3,17438.0175031178,4.52831461302301,NA,-0.541001081322987,NA,17685.9793697158,4.49439912248652,-5.96021004679128e-07,5.73149110068346e-05,-0.000209628036268112
"NSHO",436,4,3648.4604980242,4.43461783901846,0.000204646865285727,1.31360098592842,NA,3649.51402280342,4.4173468999899,0.000243524939048071,1.61798726811877,-0.000518984306968133
"NUWO",4408,1,12078.8712848986,4.0683073458608,NA,NA,NA,12095.0503158467,4.06026822846514,6.7827503016585e-06,0.0116335374815201,0.000208833677348647
"OATI",4806,3,19791.969124529,3.95530315176974,NA,-0.573506598556622,NA,19792.9811141251,3.97625522224689,-4.07600285679608e-05,-0.633367777975303,0.000138000057661575
"OLWA",84,1,116.030855431691,4.41532202525631,NA,NA,NA,129.066691948126,4.40652546166678,1.90063775429659e-05,0.0568254728384537,-7.33530477748817e-05
"OROR",2217,2,3965.71661058432,4.10365024349818,1.19092391857155e-06,NA,NA,3966.58957319781,4.08409682500979,1.19575579384828e-06,-0.0311771683071773,0.000229195152200265
"OSPR",683,2,961.630164945037,5.01827988063568,5.36169362415886e-05,NA,NA,963.912289871759,4.96382902874945,5.85458792340671e-05,0.0322289958592575,0.00124864519243772
"PABU",783,1,1314.55294509831,4.31330060713844,NA,NA,NA,1325.20700424772,4.27896274003188,-5.04127537693433e-07,0.164724892878597,4.90715104731402e-05
"PAWR",3887,1,9761.88297910815,4.14605478057745,NA,NA,NA,9780.0746256112,4.16595576608456,1.19018319609347e-05,-0.0221869626776,-3.59838176297673e-05
"PBGR",739,4,1267.1203940546,4.76159952254627,0.000119351312900551,9.79649559789551,NA,1300.52454702354,4.8046294379693,9.35656363379965e-05,0.520876294285806,0.00404940338880211
"PEFA",117,1,97.9787959042374,5.2405006959827,NA,NA,NA,111.450096984426,5.16496208017707,1.59885022756283e-05,0.335697722336579,6.25962784404938e-05
"PHAI",707,1,1239.77409709857,4.42090489196855,NA,NA,NA,1256.65566245672,4.42060905095889,-2.61083014757962e-05,0.05146571119742,2.77177683344101e-05
"PIJA",2941,4,5013.5670738859,5.14308554522271,-5.87521492725967e-05,-0.147699702720844,NA,5014.22709128867,5.11048436723518,-2.37213238448045e-05,-0.0706206614642506,-7.3669799311259e-05
"PIWA",5293,5,10033.6044670041,4.16647717707288,7.12397852063038e-06,-0.0999434283585292,-2.20911209483655e-05,10033.6044670041,4.16647717707288,7.12397852063038e-06,-0.0999434283585292,-2.20911209483655e-05
"PLVI",5020,1,6568.36259520404,4.48728864293514,NA,NA,NA,6593.6589227216,4.48368924941346,-1.98079303347049e-06,0.0134707525969138,-6.86919181601503e-07
"PRAW",1295,3,3232.70427516845,4.1537066173336,NA,0.223596875504979,NA,3242.93549712475,4.19139263699925,-1.24917675964054e-05,0.165151278646296,0.000115950241543715
"PRFA",190,2,156.733309736237,4.86114291845108,0.000486452252711973,NA,NA,163.834339723065,4.71863000946274,0.000559968823589476,0.735241224521362,-0.00040674415409043
"PROW",4634,3,11427.235474769,3.81400200527755,NA,0.246668503649635,NA,11438.2628983261,3.81333169324131,5.85725430093303e-07,0.249800758014985,0.000193732269735908
"PSFL",4996,2,12711.3001374956,4.09419549861321,-7.70062832983107e-05,NA,NA,12720.0694048895,4.05953193147935,-4.62011493136953e-05,0.060235417062917,-3.16046413176308e-05
"PUFI",4651,5,10305.7531978967,4.36301072136875,5.40384069727892e-06,-2.03754073335876e-06,-3.00615712906631e-05,10305.7531978967,4.36301072136875,5.40384069727892e-06,-2.03754073335876e-06,-3.00615712906631e-05
"PUMA",1311,3,5725.84052811739,4.00045679328018,NA,0.43440917951997,NA,5734.16828753727,4.00429303146128,-1.69424120021572e-07,0.401047431871476,8.93080383268024e-05
"PYNU",3518,5,9311.96109732993,4.13860975761219,-3.93627647413548e-05,-0.103264858397564,6.2562998539432e-05,9311.96109732993,4.13860975761219,-3.93627647413548e-05,-0.103264858397564,6.2562998539432e-05
"PYRR",230,1,270.931606673514,4.76789836408236,NA,NA,NA,280.469672270668,4.62735492104198,0.000222353970759409,0.349311774268322,-0.000321260251786012
"RBGR",17695,4,30221.3869193336,4.33905551712652,8.3710687645925e-06,-0.253319082157058,NA,32642.011136118,4.48478338114355,7.10165207308654e-06,-6.71420854142327e-05,-3.86567997384929e-05
"RBGU",514,5,2555.78834931594,4.99475779568141,0.000168205805407443,0.364796967720701,-0.000639741137214125,2555.78834931594,4.99475779568141,0.000168205805407443,0.364796967720701,-0.000639741137214125
"RBSA",843,1,2517.80293827075,4.49175015043383,NA,NA,NA,2534.99891921282,4.51818360232749,-0.00011094295898105,-0.0104252369258078,4.93100316236365e-05
"RBWO",14184,2,31648.1007245445,4.38229431691896,4.5528115648176e-06,NA,NA,31701.0386699224,4.4284841850129,4.28309418038574e-06,4.39747062396685e-05,-0.000205927911308353
"RCSP",1094,1,1806.19349427323,4.37283609167578,NA,NA,NA,1825.05425735736,4.40620566627193,-1.66712732872595e-05,-0.0875135997156551,2.36341759964822e-05
"REDH",77,5,224.214546861576,4.9262395772035,0.00034977041910183,2.00240086298432,-0.00199460363797239,224.214546861576,4.9262395772035,0.00034977041910183,2.00240086298432,-0.00199460363797239
"RFWA",290,1,510.441997152002,4.1716069733082,NA,NA,NA,526.55135945421,4.13101328108236,2.89795125986787e-05,0.065356324276755,-3.0647259706179e-05
"RHWO",4000,4,8188.74293911562,4.23676858935733,2.98432474523592e-06,0.330876139152437,NA,8201.90197148703,4.24550777915295,2.95647123428667e-06,0.278171577547207,-2.32033685626865e-06
"RINP",7641,1,1440.58398793457,6.09122453646951,NA,NA,NA,1456.38575307683,6.12402040640735,-8.94305579559597e-05,-0.00208860039068381,0.000183141187036203
"RIRA",71,1,413.072848469951,4.32846615931307,NA,NA,NA,424.686716911911,4.38706614632269,-0.000168452974550201,-0.0205524843123469,-0.0178637155806746
"RNDU",56,4,375.802019425225,3.9975988170525,0.000774654322255722,6.55166682272705,NA,405.094608133682,4.11978334808926,0.000611122544318098,0.463852732184349,0.0101142190708995
"RNEP",2748,4,5431.43646443866,5.13737798069838,-0.000596384638924311,0.68698604472003,NA,5440.16690682157,5.14193553654804,-0.000598379179799496,0.494869856664958,-0.000523828661996257
"RNPH",1013,2,1555.66301875282,4.73744687293287,-9.72235701192208e-06,NA,NA,1567.72817292208,4.73684058186476,-1.55715550925029e-05,0.00069135593380696,1.45579710755231e-05
"RNSA",2375,1,3420.33010155285,4.30836995662958,NA,NA,NA,3441.61016206401,4.30735597135296,1.74841600865334e-05,-0.00703434615093574,-3.49447373499282e-05
"ROPI",3103,4,14598.3874475636,4.49453138722061,5.48864080873257e-06,0.11921293787598,NA,14605.98359913,4.49424962320749,5.54299970257339e-06,0.126957307782707,-1.60523791829332e-05
"ROSP",61,2,199.58352466694,4.82641201006501,4.41407394193675e-06,NA,NA,207.805271468126,4.82637483879916,4.42472529072599e-06,-0.00347709274350938,0.0314599427294798
"ROWR",12630,1,10162.1361711288,5.06001237062623,NA,NA,NA,10182.5256520214,5.02416111544288,3.22684825111772e-05,0.0845380755565662,-5.09744784207353e-05
"RPHE",530,2,1111.37552061046,4.58679303827107,0.000240863910546135,NA,NA,1123.47025782643,4.58674650361522,0.00024102766479566,0.186750741020339,0.222172441155049
"RSHA",1422,2,2704.63229954521,4.74313271530959,1.87204018401625e-05,NA,NA,2719.03496880081,4.74324435606437,1.87203758701844e-05,-6.00601618246752e-05,-4.99782953840414e-05
"RTHA",4770,1,5982.13532621793,4.91582304459443,NA,NA,NA,5993.06588225785,4.90662952922578,-1.61850941475899e-06,-0.00638523863528823,0.000134952355807991
"RTHU",1773,5,2235.25813955854,3.68112016399145,-1.57703427035549e-06,-0.0989695296135276,1.15055070409166e-05,2235.25813955854,3.68112016399145,-1.57703427035549e-06,-0.0989695296135276,1.15055070409166e-05
"RUDU",88,4,801.393143128593,4.56302487264461,0.000217032556407223,3.1514436387572,NA,807.20272690323,4.5690760138637,0.00021226023753949,0.485158765119487,0.0041729709114507
"RUHU",411,1,325.843498250797,3.31019451774659,NA,NA,NA,336.875770001343,3.4177628594797,-0.000236892021021815,-0.118068733642296,0.000260973733839756
"RWBL",56628,5,237684.477924916,4.44405942808697,1.55075058704295e-06,1.80716930851788e-05,-3.47081636369098e-05,237684.477924916,4.44405942808697,1.55075058704295e-06,1.80716930851788e-05,-3.47081636369098e-05
"SABS",5943,1,8630.40000677588,4.68010798613702,NA,NA,NA,8654.95938629694,4.68724130679332,-8.46483513390447e-06,-0.0238060970636281,2.32796169550189e-05
"SACR",2283,3,1921.9444528801,5.59258758644953,NA,0.559409705317972,NA,1935.41235882802,5.61566649154869,-6.43699518722894e-05,0.478035869269116,0.00019348015892478
"SAGS",183,1,655.888203552668,4.16696608604715,NA,NA,NA,669.843469022381,4.20581202223098,-5.07389403143565e-05,0.0305084834527518,0.0200629048843545
"SAPH",3028,1,2303.08820752631,4.98153726067483,NA,NA,NA,2323.93611555462,4.96181765406954,8.37149876841941e-06,0.104782695744256,-6.74583366851499e-05
"SATH",8336,3,5952.5210689364,5.14041046822207,NA,0.128847145828797,NA,5970.20090528375,5.14296664372507,-4.03250865207029e-06,0.112951316203191,2.01007338105287e-05
"SCOR",790,1,924.190898183483,4.6171872977792,NA,NA,NA,939.681466782171,4.58848585541395,-1.45819886124896e-05,0.0227759007109325,0.000109579535954164
"SCQU",1004,2,775.305552126822,5.2071560196411,-9.74090735220996e-05,NA,NA,788.851845513216,5.18176001464635,-8.08690178589525e-05,0.061941532265239,-3.19871201973074e-05
"SCTA",5074,2,8171.02301351059,4.19756798416259,8.13284107098997e-06,NA,NA,9118.93160938187,4.59337580076471,5.44591245201746e-06,4.31796238885014e-05,-0.00011083794340834
"SEOW",254,1,320.674085099131,4.7620296698606,NA,NA,NA,333.008722365266,4.75814654766423,-7.82923618592286e-05,0.130698335819658,0.000241371915112652
"SEWR",3580,2,11809.8001292768,4.33916879666493,1.610931289678e-06,NA,NA,11849.5803056347,4.3930192396012,1.40620214166207e-06,6.8777797512282e-05,-8.33761724902936e-05
"SMLO",74,1,32.303774243027,3.89301264716034,NA,NA,NA,44.6445757544621,3.89301773735821,-8.71009352848512e-08,2.13122117561462e-06,-6.59195166123879e-06
"SNEG",476,1,2154.08451035789,4.83507276165047,NA,NA,NA,2166.03626415225,4.83898846252312,-9.05588329813595e-07,-0.00523454193025987,0.00281510701846974
"SORA",761,3,1555.99169144408,4.60666380907764,NA,0.828995741374213,NA,1566.80880103304,4.58515327816253,3.3601025362158e-05,0.912990018117378,-0.000117736353204566
"SOSP",49633,5,159679.684513184,4.09760116483206,3.46729876580539e-06,0.021286498247173,-1.10602792121246e-05,159679.684513184,4.09760116483206,3.46729876580539e-06,0.021286498247173,-1.10602792121246e-05
"SPPI",5357,2,9673.61099416696,4.76421948436663,6.17841789720297e-05,NA,NA,9685.02741717084,4.76173593488419,6.15652523344771e-05,0.104195578224576,0.000125997044222605
"SPSA",1220,4,2096.92797667209,4.18134284579696,-3.51800207017438e-06,0.232938553088277,NA,2103.73718250883,4.23054245593474,-3.64274722775287e-06,0.169116654326566,-8.07677629986887e-06
"SPTO",28925,5,74172.1346611927,4.27847211265764,-2.25319295249295e-05,0.0949341532570329,3.14860418574064e-05,74172.1346611927,4.27847211265764,-2.25319295249295e-05,0.0949341532570329,3.14860418574064e-05
"SSHA",249,1,490.00543287563,4.2597103228298,NA,NA,NA,503.898692915466,4.29605725458141,-4.71055949501641e-05,-0.114997521808789,0.000142578910620245
"STFL",438,2,722.099716399785,4.40979763090374,0.000200353076755049,NA,NA,733.265880406195,4.42707740747901,0.000145610015704026,-0.068513293366388,0.000176464991583475
"STGR",657,2,1433.11442083941,4.83686782501417,7.53279404128926e-06,NA,NA,1445.04758955682,4.86736062806333,7.73196185519835e-06,1.00591570279392e-05,-2.14926358970023e-05
"STJA",11748,5,25297.7160945771,4.61635156842541,1.43049389463689e-05,0.158795864888441,-7.58978391619168e-05,25297.7160945771,4.61635156842541,1.43049389463689e-05,0.158795864888441,-7.58978391619168e-05
"STKI",78,1,346.656849245167,4.87705366724555,NA,NA,NA,358.518106592729,5.01245189599354,-3.27766065239882e-05,-2.83555237116152,0.404387250937873
"SUTA",3584,3,6694.11296159165,3.99493640553004,NA,0.128483657531858,NA,6701.32196612391,3.99638816429855,1.28834712917087e-07,0.0979161786941802,0.000327633693519796
"SWHA",1312,1,804.748236079117,5.29270345976606,NA,NA,NA,817.910079147314,5.17354766551244,8.79212667787834e-05,0.266154986895519,0.000170032061974286
"SWWA",428,3,871.325035298419,3.87247671633698,NA,0.402376837810581,NA,884.654097609319,3.91621811630922,-5.7013505623006e-07,0.256898597260303,0.000187900398915812
"TRBL",116,4,2898.17508117395,5.14892604221251,-0.000249582951102208,39.6378976486902,NA,2902.93080859131,5.1490039375738,-0.00024956614889893,0.0264563491639853,0.418723273928246
"TRHE",169,1,751.160830917203,4.7900392391678,NA,NA,NA,766.34914133444,4.78619772293767,1.24648730193972e-06,0.000129393100837389,0.00140562200001176
"TUTI",10319,3,22865.7972625674,4.17072139864244,NA,-0.0732113925802055,NA,22893.8477771456,4.14788237109419,4.78415437721498e-07,-2.58401842960563e-05,8.27653525616413e-06
"TUVU",4696,4,8349.94485465644,5.13740205041685,-5.36526002771895e-05,-0.159059588810319,NA,8357.96652877667,5.13320329306585,-4.67611740059911e-05,-0.139321488728146,-2.10937222585339e-05
"UNFL",796,1,1177.80259253849,4.13272293224769,NA,NA,NA,1191.94379713999,4.18477910964169,-2.10888608925508e-06,-0.14078136380029,1.02048629376606e-06
"UPSA",4837,4,4187.8555764712,4.97178794933376,4.25893129175183e-06,0.184929693142631,NA,4196.38331169305,4.97323758416282,4.23803815244388e-06,0.15808357701482,3.92039396700933e-05
"VASW",156,4,477.066633929382,4.41005872383487,-0.000216680789963525,0.281678079462475,NA,481.452284291378,4.38870946806285,-0.000176576396532302,0.350138224077054,-0.000172018895370231
"VERD",451,1,758.378624982521,4.14513657344945,NA,NA,NA,771.758815130097,4.09027876051799,5.98963364897952e-05,0.0887790766432916,-6.64610173345939e-05
"VESP",27986,2,41508.7380631674,4.74006049335333,1.93472104324756e-06,NA,NA,41557.6702202252,4.76902409748386,1.84080287108622e-06,2.65281242857592e-06,-2.00648353470977e-05
"VGSW",6912,2,21695.355212865,4.27650917429236,-2.26762464806122e-05,NA,NA,21705.0536146814,4.29103237788879,-3.3089417623501e-05,-0.042015313621306,2.34115497927063e-05
"VIRA",251,1,1053.23282492429,4.10498192156716,NA,NA,NA,1063.00338217457,4.01872636047093,0.000107178216367993,0.731782989578073,-0.00090773855736455
"VIWA",2448,1,4090.58078006865,4.17820367608893,NA,NA,NA,4107.06111109121,4.14671940161784,3.05973124401981e-05,0.0306259981093706,-1.23903431198649e-05
"WBNU",14567,2,33028.7300794961,4.12734832151442,3.8597778335296e-06,NA,NA,33050.0297264373,4.11750746379019,3.90181017813127e-06,0.0445358348717216,1.49668011256098e-06
"WEBL",3135,3,7857.30991944729,4.10753299533569,NA,0.0834718765528407,NA,7868.18652461459,4.09342979348961,2.54448837171707e-05,0.0844792500859253,-1.12388034883992e-05
"WEFL",177,3,269.49982644131,3.88013682278776,NA,0.273090578491916,NA,276.479215847444,3.84741946369762,6.17738892022764e-05,0.1671927484243,0.000269643665558202
"WEGR",117,5,137.400904428689,5.48929083166815,2.42322986678472e-05,8.09599298722332,-0.00195705655721661,137.400904428689,5.48929083166815,2.42322986678472e-05,8.09599298722332,-0.00195705655721661
"WEGU",407,3,1327.38016373072,5.95117447925926,NA,3.25772749025659,NA,1353.15759093396,6.026328097343,-7.72563584659732e-05,0.576986554136029,0.00853581510107864
"WEKI",8439,3,20549.2673898067,4.30604805653824,NA,0.301830713536207,NA,20566.8738068206,4.30560200301946,9.55746278998679e-07,0.307532448196132,-6.61102042032281e-06
"WEME",71408,4,92222.3571493211,5.11012389808899,1.40342617415326e-06,0.205185648531134,NA,92237.9025521789,5.11306180507578,1.37208418599916e-06,0.175191813989067,2.70896937842277e-05
"WESJ",4478,1,12007.676513213,4.2550538480643,NA,NA,NA,12027.8684867051,4.25689475951753,-1.3159862268272e-05,0.148357291859855,-0.000242263157029753
"WETA",38021,5,67278.9178223311,4.55075935554843,-1.88645537449105e-05,-0.109766270931571,1.46905726362096e-06,67278.9178223311,4.55075935554843,-1.88645537449105e-05,-0.109766270931571,1.46905726362096e-06
"WEVI",7621,3,20759.9152731433,4.25351260231712,NA,-0.284450093351,NA,20889.3310273528,4.19090347890965,1.72662925392659e-05,-3.4105893873448e-05,-7.87597905942854e-05
"WEWA",257,4,537.334293302556,3.57739189900502,0.000334009781830208,0.468811433052045,NA,541.884830533057,3.62503349461367,0.000167509036273205,0.370191450906421,0.000353438715237569
"WFIB",154,5,764.377298522978,4.72316132219365,0.000851681914376095,-0.360389713911883,-0.000750056669645979,764.377298522978,4.72316132219365,0.000851681914376095,-0.360389713911883,-0.000750056669645979
"WHIB",292,3,2061.28323837636,4.92316583139113,NA,-2.86402416327242,NA,2088.24168030727,4.90813095953991,1.64506527221873e-05,-4.39921837613619e-06,-1.79273911156616e-06
"WHIM",56,2,155.729726116092,4.51197252188511,-1.01161182460226e-05,NA,NA,167.568114852908,4.32639050888947,-9.02337441495357e-06,0.132897091148188,-4.37939125789401e-06
"WHWO",1121,1,3035.08091841064,4.49026110453508,NA,NA,NA,3052.05754909258,4.50801455761647,4.14925396074615e-05,-0.000481002304863275,-0.000157229059810539
"WIFL",2059,2,3635.32782899678,4.37772686906271,6.38162445780921e-07,NA,NA,3644.94899711003,4.38787310078044,6.14654495329209e-07,-0.136812106023918,0.00018364278835576
"WILL",1119,1,4718.31785835921,4.72640466240556,NA,NA,NA,4734.25097744504,4.73176183755194,-1.56228796078645e-05,0.0587416725122207,0.000106482810280077
"WIPH",431,3,1217.20653071848,4.39659692863722,NA,0.405334044720333,NA,1218.60681991864,4.34378726530607,4.47090813456501e-05,0.609878873692221,-0.000224279869946869
"WISA",647,1,981.626678962594,4.28597137249342,NA,NA,NA,996.058663193609,4.30570314320832,-4.6573877536613e-05,0.0515940459719514,-5.03265972373319e-08
"WITU",2368,2,3288.46165316772,4.81231589102447,3.09296128228969e-05,NA,NA,3301.81293655506,4.7908553113212,2.24623653117685e-05,0.11540361342842,0.00012235033592534
"WODU",2617,3,12699.1613020514,4.33742749720006,NA,0.582624901568839,NA,12709.154895442,4.33739878747198,-4.48650972301578e-07,0.679720417905317,-0.000307443171129854
"WOSJ",3048,1,3771.2970107278,4.64816582749562,NA,NA,NA,3784.92232269169,4.71186295943963,-4.10774588299747e-05,-0.112536485025031,5.25032299668502e-05
"WOTH",7523,2,11717.2626022655,4.33545721877856,9.97184536643689e-06,NA,NA,12014.6706080775,4.51439965332881,8.58420723545476e-06,9.6872035230466e-05,-0.0001559954241518
"WREN",6938,5,22651.50164108,4.74619268203138,-0.000142732676202596,-0.307570132934212,0.00015192575100497,22651.50164108,4.74619268203138,-0.000142732676202596,-0.307570132934212,0.00015192575100497
"WTKI",326,3,595.036769715408,5.05147162530597,NA,-0.733221487171704,NA,599.595257402798,5.16931815920963,-0.000107607865532978,-2.31324750933863,0.00390538452130117
"WTPT",93,1,153.344404441251,4.45663386502896,NA,NA,NA,160.401233410766,4.6247468235946,-7.31676377433118e-06,-0.479500502970594,0.000308775806153591
"WTSW",1318,4,3368.58019900212,4.7617644382992,5.25208178808028e-05,-0.151287536469518,NA,3372.43284179329,4.75565642454378,2.51683185394279e-05,-0.173759888087879,6.24238214053905e-05
"WWDO",442,1,638.945102700021,4.63801694144456,NA,NA,NA,647.831510785145,4.71201525665859,-1.13411111473261e-05,-0.325221809856201,8.83733371252244e-05
"YBCH",8254,5,13247.7237319507,4.47014806921427,-4.09876375032589e-07,1.22016471508257e-05,0.000193912689872658,13247.7237319507,4.47014806921427,-4.09876375032589e-07,1.22016471508257e-05,0.000193912689872658
"YBCU",6718,5,12201.3066885502,4.33906538502654,3.87745787973436e-06,0.189953707731899,-0.000183121579222766,12201.3066885502,4.33906538502654,3.87745787973436e-06,0.189953707731899,-0.000183121579222766
"YBMA",350,1,815.123965056301,4.34481576565245,NA,NA,NA,825.531961019172,4.3997147326473,-8.25792492019189e-05,0.420921407732456,0.0100050937190336
"YBSA",16210,5,30054.025178508,4.13073301900495,9.36419892893141e-06,-0.0151323569706195,-2.05146691503517e-05,30054.025178508,4.13073301900495,9.36419892893141e-06,-0.0151323569706195,-2.05146691503517e-05
"YHBL",1545,2,5786.65208384688,4.53057671672697,2.21470482362743e-06,NA,NA,5822.21647079555,4.58518925533225,2.06386022325828e-06,-1.53594513196487e-05,-8.04695624088926e-06
"YTVI",3531,2,7643.72215684769,4.12780390783771,5.67676503752384e-06,NA,NA,7658.63514700203,4.12557852911323,5.69056281272685e-06,0.00753907844967987,-5.68012318062099e-06
"YTWA",365,3,784.873760604788,4.04784449752861,NA,0.237047961076216,NA,793.729162692162,4.04117235372255,1.68532801454104e-06,0.255544986828713,-0.000280340715167835
"YWAR",1481,3,4024.17829838524,4.44448290959437,NA,-0.232011438493751,NA,4033.84494112092,4.44956791947147,-0.000143239218447587,-0.243394983297435,0.000235524007898486
