"Species","n","best_model","best_bic","int_best","tssr_best","tssr2_best","jd_best","jd2_best","full_bic","int_full","tssr_full","tssr2_full","jd_full","jd2_full"
"ACFL",3416,6,7601.79621444857,0.705845678577712,-1.68721972911227,NA,-3.47388271925951,NA,7616.33591919325,-1.00562703296863,-1.2230714199032,-2.444151711514,5.02324388883852,-10.3915591238824
"ACWO",441,1,1950.24351497556,-1.64771883722334,NA,NA,NA,NA,1972.23403875502,-5.11174384800473,1.61301534629005,-40.2259489670824,17.2752693972076,-20.4023846923644
"ALFL",6893,8,19500.3981931968,-22.6141772949971,-0.811577859974049,NA,95.8064061077039,-107.527482687197,19529.0875582655,-1.21660371244058,-1.03579615941753,-0.648426382234872,1.3520113929056,-3.64274293045592
"AMAV",253,2,1872.29947854553,-1.00532382863649,-2.52053831554629,NA,NA,NA,1881.18788326001,-2.97811628341224,-0.776159345923083,10.306678052502,3.54099128610966,1.55426715335313
"AMBI",312,2,775.554671822978,-1.92592128827609,-3.70078701749279,NA,NA,NA,788.611387737749,-27.6843971502183,-4.63910856588658,-7.30162012758369,126.374184621364,-153.084991470497
"AMCO",563,4,11860.3867107251,-73.0529332626021,725.456897169369,-1809.96208806943,NA,NA,11927.1563503221,-5.68513154033651,-6.87170107186159,35.492393377041,47.9073960377281,-108.237469645103
"AMCR",30776,9,109268.798789391,-3.1479310581355,-0.506942446020454,-5.92455689460721,8.20725360922633,-8.7720937977985,109268.798789391,-3.1479310581355,-0.506942446020454,-5.92455689460721,8.20725360922633,-8.7720937977985
"AMGO",15794,5,68548.6561330729,-4.83118640445542,NA,NA,10.1946674360047,-9.72645952984093,68567.4942847781,-4.78991329062066,-0.00510243631626418,-0.888775927537328,10.0823200510666,-9.58668539839013
"AMKE",1658,1,6224.409994986,-2.29195600208398,NA,NA,NA,NA,6247.91667541618,-2.90237700528646,-5.2719531083096,12.8707561692454,1.18853688667246,1.78409533111537
"AMPI",1079,3,5814.27975930429,-3.76689483325474,NA,NA,5.53306696165315,NA,5832.74842373129,-2.65140041388798,-0.473543156255483,-3.86605688844822,1.71876552633635,3.45060235035377
"AMRE",14444,4,43327.1983755431,-1.29292969677147,0.103963419152173,2.76208741094925,NA,NA,43331.7869987021,-2.78468282402367,0.0723992493171573,2.76249692605992,6.87918571106432,-7.88924103607122
"AMRO",56192,9,217698.369087805,-2.19816727365277,0.190585957197794,-7.05967009106909,3.76123730430051,-3.64379422127572,217698.369087805,-2.19816727365277,0.190585957197794,-7.05967009106909,3.76123730430051,-3.64379422127572
"AMWI",281,1,1344.80101593351,-1.15784197445956,NA,NA,NA,NA,1357.9070059972,7.68550022424459,-0.925333629776438,-3.97837916614532,-38.7252706060241,42.0420473399184
"ANHI",92,4,265.877108150036,-29.6209735919641,328.685173938004,-919.43774972153,NA,NA,276.343498772894,-60.7120919071399,62.6471206748419,-6.44870510494177,43.2621236993071,127.316901203923
"ATFL",5084,2,19036.7113537458,-0.860429791395243,-1.65034069058516,NA,NA,NA,19057.4215373056,-1.23354245458456,-3.71382001843238,14.276943682477,2.50991807816725,-3.69625552426013
"ATSP",159,3,390.592238354204,-0.533340982705104,NA,NA,-1.67806717618895,NA,399.044326775192,0.20266867163413,-3.28343923799197,-7.77676668967172,-2.47774395803423,-2.7940642496958
"ATTW",939,1,3365.61960301936,-1.40026693810001,NA,NA,NA,NA,3386.41094788815,-2.34304763587653,0.399799818454672,7.56022838983902,0.179751657677219,2.99042867957682
"AWPE",446,7,8787.0984760904,0.674557754065431,-4.63560456267103,9.22896544437676,-4.96376872068623,NA,8790.90125994244,2.12103812802751,-4.79700416451251,7.93309172747293,-11.853509719375,8.21206882359357
"BADO",460,2,1135.21095739316,-1.19904287140805,-3.65514235635544,NA,NA,NA,1152.75579017508,0.157314077647147,-2.96587901774733,-4.38833270616426,-5.62873336522853,5.70182064887927
"BAEA",352,4,1106.12242452708,-5.39206179402823,42.0198253172389,-104.120585805279,NA,NA,1117.70188755167,-11.2108356075079,33.8475422712978,-81.0183852555977,26.9281816915544,-26.6120651214949
"BAIS",3081,3,9485.80494397779,0.230300450819611,NA,NA,-2.05733778311871,NA,9499.64407048405,-0.611237664831987,0.501127982467385,5.36370931432223,1.29899871694945,-3.77551763676192
"BANS",852,7,8761.74527646212,0.0513443962680426,30.1425218379542,-104.994263433234,-6.92762220676683,NA,8773.29209553585,-3.76108129944841,18.619868698923,-51.7841698064032,11.1837037250959,-17.6959707804261
"BAOR",5001,2,15248.1666577729,-2.12239566660074,1.07281544297918,NA,NA,NA,15265.9247241347,-1.55674781233467,0.931472521943852,0.91492229122078,-0.878144456538414,-1.09461760236813
"BARS",6507,2,38561.9662501553,-1.63909080174596,-2.2893680369598,NA,NA,NA,38584.4122799882,-2.33053619985626,-1.97683677978167,2.42892083815843,2.85817830449222,-3.03654326176015
"BAWW",9830,1,28231.795896421,-1.45974020353692,NA,NA,NA,NA,28264.004192891,-4.26801206938479,-0.225178371016015,-0.628210117919274,12.9297438365008,-14.8323301309551
"BBCU",1221,1,3286.23280085469,-2.09874297441226,NA,NA,NA,NA,3312.46937917216,-0.0350896109167683,-0.685719783000428,-3.8261839395303,-8.05138951962836,7.98346634841578
"BBMA",6162,3,27440.3743684872,-2.95219444997546,NA,NA,4.07138737771798,NA,27455.6138894485,-2.28489207463785,0.638604694163585,-5.62471796789746,0.843710971773703,3.91958223248598
"BBWA",2310,2,3532.37681201247,-1.4589655196371,-1.58207957419682,NA,NA,NA,3551.0925074722,-0.523416110176397,-0.163933018818535,4.26361418316554,-2.73793191310524,1.9299893324478
"BBWO",437,1,1092.75691984969,-1.63739423968971,NA,NA,NA,NA,1111.94948341833,-0.114504721912509,-0.174395094100046,-3.20574021621909,2.29052711875369,-12.0100178880761
"BCCH",16386,5,57622.1126026291,-4.02873712645155,NA,NA,9.26040179257663,-9.1026559896574,57632.2030196373,-4.08127949521895,0.238954584136275,-2.24459650519503,9.74698385071226,-9.63377705333655
"BCHU",475,1,1908.14882726395,-2.02925891615985,NA,NA,NA,NA,1928.61927442343,-5.4524099896677,26.6461937405756,-178.559548190502,10.9622152877676,-9.98212214254287
"BCNH",125,1,387.213591756474,-1.02132262779954,NA,NA,NA,NA,399.792092942922,-10.1826116562124,-1.67219470041871,9.73425401513381,45.3862467901408,-55.1371129887062
"BCRF",108,1,601.805345059848,-1.64934588880657,NA,NA,NA,NA,616.525914952162,0.529089983600054,-7.72895857410565,-14.6031123266053,3.0178486416316,-12.3055743977366
"BCSP",498,1,2072.94187759925,-0.935675775985746,NA,NA,NA,NA,2092.57574444146,-16.9320422912812,-0.816501943646162,-1.90665798582472,85.2690741135692,-112.591190343802
"BCTI",194,1,735.862446202698,-1.16304827981354,NA,NA,NA,NA,754.509122478232,0.0504138746645443,2.89255422645835,-21.553523281384,0.656803917800303,-12.2645540243654
"BEKI",716,1,1986.59793600261,-2.55878741307381,NA,NA,NA,NA,2011.02598372696,-3.96385754378185,1.83188751783645,-12.1800386244838,4.72488624060018,-2.91695294054104
"BEVI",475,1,1540.40574857776,-0.964874713298867,NA,NA,NA,NA,1558.47957053687,0.836758259253267,-1.35816839641175,-3.94645290750271,-6.47591934319755,6.1051595015866
"BEWR",3529,1,14303.2074892525,-0.870998079816659,NA,NA,NA,NA,14327.9447297454,-1.38765817862098,-1.63485370699229,3.87410147882015,3.52625381816266,-5.01217941981603
"BGGN",9162,9,26798.3269990521,-5.9369278598994,-0.0831398678717705,-10.1012475917505,24.4414960390084,-29.4312523594681,26798.3269990521,-5.9369278598994,-0.0831398678717705,-10.1012475917505,24.4414960390084,-29.4312523594681
"BHCO",34113,9,159476.957518373,-6.03575767162041,-0.39882588481178,-3.9706453454284,18.5795022829473,-20.2792474466464,159476.957518373,-6.03575767162041,-0.39882588481178,-3.9706453454284,18.5795022829473,-20.2792474466464
"BHGR",5262,5,19503.2302832645,-10.5568455224817,NA,NA,45.3773859714645,-53.5780777287927,19536.1740794435,-2.1658247476303,2.73750527622981,-18.5413499311154,5.96929256751228,-7.97371813147699
"BHNU",107,1,337.623038488985,-1.5358881516461,NA,NA,NA,NA,355.249308788332,-1.91598010050359,-7.87168493262571,38.3150369160063,5.92519033150902,-12.0366238831325
"BHVI",3770,3,8962.41198023551,0.170632029012371,NA,NA,-3.8202917037207,NA,8982.12052419138,-2.47580401208888,0.501436198309537,2.80058271835418,8.08057558197683,-13.361118779018
"BLBW",6423,5,17821.1724948896,-18.6455292905971,NA,NA,77.2309509212301,-85.8824325009127,17846.5127860992,-2.50400470454201,-0.513032408606918,0.00865664313490599,5.45157852876588,-6.61902428644338
"BLGR",2388,2,7921.66291529411,-0.918653882285299,-2.381075179739,NA,NA,NA,7939.37090089035,-0.879614966808224,-3.16334399037859,7.61282931325835,-1.05871241590025,2.07158940763679
"BLJA",24647,7,83574.6914848154,-2.15686276449818,-0.385208353873076,-5.92384494305451,0.7762370350817,NA,83581.1118151532,-2.96707790429717,-0.325984657288169,-4.94964105705448,3.86353273316735,-2.90089550154812
"BLPW",471,2,861.833048164572,-1.85870445662233,-2.59716235630852,NA,NA,NA,874.625484599045,-1.38514977290751,-5.09614188348075,-8.6040959113449,-0.196351619117166,-2.205858709825
"BLTE",400,6,1676.9061606715,-3.44355682245968,1.63417844408961,NA,4.39717314815536,NA,1686.84594853958,-8.79002888686494,1.24855080648513,5.04458641078498,28.4115159934152,-27.2780488641821
"BLVU",346,4,1822.37711837131,-1.17632381193928,15.3081246833608,-78.4019567422417,NA,NA,1833.19548996831,1.58127636875844,14.0788363444027,-75.6154287368389,-12.1941126659707,13.2180544831653
"BNST",141,1,768.599975979176,-1.34865245035857,NA,NA,NA,NA,778.89842432857,-4.68850079812801,-5.03339720023281,7.21589016197795,23.6604848547366,-35.0635936757944
"BOBO",6236,5,32951.733029122,-5.77629867538688,NA,NA,21.7623818244976,-26.2837951744948,32983.6104722356,-0.784848679774161,-0.238840786383025,0.812272988426654,0.414229797956231,-3.65973878672079
"BOCH",1320,1,3185.97991530532,-1.79974225961352,NA,NA,NA,NA,3196.39877209162,-10.0435545930281,2.09450260408356,8.88926363797907,37.1318076039288,-41.4139171638587
"BOSP",210,1,923.275881280498,-0.813242724473106,NA,NA,NA,NA,940.972479454566,-1.29202833958218,-3.95422229719818,20.0254310402148,4.95311777303323,-6.830772297167
"BRBL",4179,3,26873.6913355074,-2.31433023999987,NA,NA,2.07035862404623,NA,26899.6965097607,-1.97145072636487,-0.427020875963839,-2.43950839478948,1.46149769794344,-0.114611076916376
"BRCR",5935,5,18190.8083810171,-9.87072021399485,NA,NA,30.6040977140489,-27.4335447195336,18194.4184425383,-7.6694131168795,0.121918543308807,-7.21052239258736,21.7637751169997,-18.025522883353
"BRSP",18783,7,97989.0365101898,-1.23383067957597,-0.314052717384259,-3.60375411895267,1.230206128245,NA,97999.6501331964,-1.11165610607614,-0.303029530489277,-3.72626876138546,0.696612986198426,0.576641651663056
"BRTH",3440,4,10253.5239187804,-1.51727920000654,-1.18394962506194,-9.24551237607502,NA,NA,10267.0277125216,-0.0284205569749569,-1.35428964913784,-9.72732616223186,-5.05278310121412,3.70504349052825
"BTBW",1297,1,2415.11875242694,-1.41909797839725,NA,NA,NA,NA,2442.25881879572,-1.74609492580173,-0.0425786840982241,-2.34369423182365,2.65736739139249,-4.11284018774491
"BTGN",174,1,718.732683463987,-1.24100273696915,NA,NA,NA,NA,729.203279284731,-7.30143914145305,-14.9115003495376,60.2068754051883,31.3320616664686,-34.5463809689348
"BTGR",192,4,1328.91262072522,-1.14345806810939,-20.8442490145582,88.7212992553834,NA,NA,1334.51368654026,-32.617831804791,-13.4432438660771,51.1408346007983,173.67921473708,-236.539534140235
"BTHU",5584,5,21337.7650198869,-19.4603142477856,NA,NA,76.5081313447082,-81.2936050808539,21350.499564524,-18.877731368622,5.83497202664684,-35.5478236736175,73.1831572548795,-77.4638071584185
"BTNW",9674,3,27230.598187872,-0.414680611807283,NA,NA,-1.89105523750973,NA,27253.2989536646,-1.02351653002121,-0.0670302442087408,1.16196931125126,0.586375157274601,-2.62718772050846
"BTSP",4642,1,23427.0251057649,-0.943000708976338,NA,NA,NA,NA,23457.9898372461,-1.21344823103005,-1.19289481736201,5.02636450633601,1.42923856547453,-1.58991397956997
"BTYW",3940,1,16665.9325512913,-0.872578892847565,NA,NA,NA,NA,16697.3093019639,-1.04836279160293,0.698237414645635,-3.0064857566614,-0.000312060515871589,0.887806955795215
"BUOR",1814,1,7513.42305564033,-1.4762200159144,NA,NA,NA,NA,7538.33879016587,-9.16181063903215,3.20008275357608,-25.5695967190865,37.9896789300732,-46.5111398881875
"BUOW",329,1,1448.90374754803,-1.56391185749436,NA,NA,NA,NA,1470.01258668222,-1.49066355974813,-5.10494122670988,32.2936469409279,2.94204597720776,-7.01879985219655
"BUSH",842,3,5138.03616629769,0.990524664284833,NA,NA,-4.84039963349269,NA,5157.63320377874,0.280077476239653,0.6538700574155,-4.27700837303601,-1.35507761263318,-4.29380963790204
"BWHA",133,3,450.787184309143,-9.07753132515938,NA,NA,14.882556403804,NA,462.61399324384,-4.92409742738127,-12.2600984503636,45.3770645474797,0.519886049593602,13.2599145945236
"BWTE",1251,7,6088.50300336171,-0.76855068828852,-1.33254577238943,12.5664129291328,-1.78331851904413,NA,6089.7062486154,-1.99161182372833,-1.1517433231138,13.3952955279801,3.57048928141075,-5.6250108113455
"BWVI",267,1,1301.17653365344,-1.50188957876433,NA,NA,NA,NA,1316.76974266417,-5.34408776043616,21.084286526803,-61.762994053358,10.3255351263326,-12.0577405293547
"BWWA",693,3,1575.35942493637,0.306257193310974,NA,NA,-4.20016281837605,NA,1591.85003638169,-2.62734144394299,0.577253018995485,0.785266541326378,9.51770505739205,-16.2910650088221
"CACH",3081,7,9121.82213703953,-2.31650839024416,-7.16862108519116,19.1041834743436,3.11978070395287,NA,9129.98451242125,-4.64591675777973,-7.22204498580348,19.3243103128992,14.1778378912875,-13.0015104245124
"CACW",1062,1,4492.30568550292,-0.87816219617115,NA,NA,NA,NA,4511.6902013214,2.02459988250768,1.20742089938953,-2.05719529249823,-13.9248206354836,15.2497270895531
"CAEG",565,3,6374.35617977777,-24.8876984306236,NA,NA,49.0473459152064,NA,6392.40241947864,-19.2973614911898,0.402056334511449,22.7823277107129,26.2334821600065,23.242421751558
"CAFI",3058,1,12946.985143052,-1.44930925485034,NA,NA,NA,NA,12978.0237764004,-1.33339885149675,-1.92968400877036,11.4523002723764,-0.00834937446540843,-0.295465142959349
"CAGO",759,4,37192.0101512637,-2.91577773877408,15.0965958489089,-82.1645506134578,NA,NA,37199.9284127511,1.76223053775745,12.3601323322894,-71.7015843026916,-15.119969220079,10.2782136100684
"CAGU",266,4,6214.57586962331,-3.24497117257204,291.548729893075,-5713.94313586586,NA,NA,6818.87526023471,18.3579998630682,-11.302762756395,-139.521354373319,-82.5946248745818,88.2643460033979
"CAHU",87,1,340.091900482442,-2.33317912678476,NA,NA,NA,NA,353.988885318119,-5.41070307836985,-15.1653305592646,78.5176723271615,39.5231894426299,-69.2611946018396
"CAJA",7158,4,22882.4627868736,-2.01377669955054,0.735712873163996,6.78274030318045,NA,NA,22895.6116168554,-7.8333470435675,0.926720140740281,7.27644450984599,25.9485802743039,-28.7119624530573
"CAKI",914,1,4229.89584705624,-1.02118393210865,NA,NA,NA,NA,4248.2065921738,-1.29975068224934,-2.07572966231046,0.532153020079459,0.703728717349644,0.614314307570306
"CANG",3999,7,40046.8467534926,1.04213775821774,-1.05281338640191,-13.3553926742665,-5.95717767755838,NA,40107.1244967478,0.688597190491728,-1.27761620582693,-14.44261373327,-1.65843226140982,-8.50050628082845
"CANT",414,3,1696.24213973482,-0.169783953357263,NA,NA,-2.4881029278389,NA,1710.74766649375,-2.99158515700447,2.34784601262286,-27.6340675209877,10.8089573429924,-14.7978597251417
"CANW",730,1,2670.82489538962,-1.21365256773001,NA,NA,NA,NA,2695.56857456353,-0.455395825572783,-4.32532621076806,26.6819055416569,-4.17642237262417,6.11090288230916
"CAQU",245,1,1065.79881844408,-1.25517137437144,NA,NA,NA,NA,1083.47372027797,3.47877468508366,-4.33399057391215,-17.1578872434636,-16.3850973170101,13.5939824774378
"CARW",7195,4,18098.1154060895,-0.801977404037346,-5.24857414814259,11.9172995387516,NA,NA,18113.9961667632,-0.689067249646909,-4.1258560376546,8.22668116848812,0.402112253937613,-1.92245370024067
"CASP",6069,6,31464.2784242288,-0.574781539991771,-0.937316116232381,NA,0.525576211808335,NA,31481.383898708,-0.720015818663252,-0.742514744780292,-1.68673711337051,1.14796221741265,-0.649120452677042
"CAVI",2295,3,8109.16916461355,0.879207340880531,NA,NA,-4.12756882019225,NA,8130.51645870994,0.0924161578645874,0.0924432844390841,-4.40626757828041,-0.364028161884708,-4.25147156784913
"CAWA",4091,1,9954.02051961421,-1.2367878290738,NA,NA,NA,NA,9971.47108027709,-0.920780611649001,-0.598908901340985,1.34273426156765,0.51438978805217,-3.19686869414314
"CBCH",1009,1,4525.73171402489,-1.17282585152168,NA,NA,NA,NA,4550.59632620954,-1.49956265073708,-3.92380657594857,21.4450115843143,-0.170065732863002,2.37862381123748
"CBTH",338,3,1361.12309355567,0.585011854203307,NA,NA,-5.23419614314724,NA,1377.45049218972,3.10130079323706,-6.12621951170924,34.3758731784356,-16.3279801665601,12.3003721904997
"CCLO",4549,2,24249.6363723361,-1.09824527533686,-0.69042226690236,NA,NA,NA,24274.7463332921,-1.02625674400072,-0.71182619904352,-0.136653621962678,-0.100348473206473,-0.124833243625825
"CCSP",8890,7,28887.0748140402,-2.17770093033441,-1.92740665267475,-4.75142177735666,2.30087015510833,NA,28895.6812304235,-1.39284890370544,-1.93049554658345,-4.76850900549904,-1.04320785618327,3.54199589545171
"CEDW",5530,8,36173.2996301607,12.002510409102,-1.85584914946182,NA,-53.6003154708248,46.9648249019663,36190.8760835485,10.3091211098589,-2.96977962860711,-12.5534447310555,-42.8145724276644,31.7569346042153
"CERW",210,1,377.963734134854,-1.44517006831044,NA,NA,NA,NA,395.042219368669,-8.95791775076353,0.983679585665787,-11.1495651188246,30.655633393275,-29.2555353906014
"CHRA",677,2,3420.76418157803,-1.19175219348075,-5.73779749772066,NA,NA,NA,3433.20245679209,-4.93785986307207,-5.57847334899363,3.37913504579515,14.3479614111795,-12.4251789027955
"CHSP",37483,8,136548.998436383,-6.19290147154326,0.549308956757443,NA,19.7542552069878,-19.2615308709048,136568.207736311,-6.06095543996134,0.680529107803647,1.43399162263172,18.9709333018292,-18.4341128653507
"CHSW",1214,1,5294.74093400548,-2.28645470344237,NA,NA,NA,NA,5320.80291057799,-5.74119163682301,-0.972624149237092,2.70074021437207,13.5277872822395,-12.1564098491006
"CHUK",699,2,2889.33097928586,-0.718851365128574,-6.62435275531777,NA,NA,NA,2906.07832585884,-2.54477273471321,-10.5734959279998,37.9356337585387,7.18107471541238,-6.69268159896589
"CLNU",5592,1,26444.6963701049,-1.19784005621443,NA,NA,NA,NA,26472.9393840576,-2.31056996829762,2.40090323727097,-10.0806822690957,5.16670401910901,-6.32438752466827
"CLSW",3570,5,61388.8764418185,-9.37788215696895,NA,NA,40.8267557894321,-49.3740371394968,61529.5919634596,-2.72664117888298,-0.164552240725367,-3.76007562995971,8.36723341063662,-10.1340617579331
"CMWA",1667,2,4000.91252829026,-1.62670855944902,-1.44815050690568,NA,NA,NA,4022.89819801467,-1.51274015384334,-1.17126474855223,1.11814073609438,-0.216299794348335,-0.046193869776883
"COFL",2494,2,8575.7088154886,-0.745854671832645,-2.05135080814827,NA,NA,NA,8595.59079016615,-0.137563973088763,-0.765599317477051,-8.29364064803404,-1.21574080142341,-0.240600810423946
"COGA",93,1,319.653087988657,-1.61194945086425,NA,NA,NA,NA,332.869408797763,-18.0874813341154,-9.17014363253907,37.4000704576281,80.4578842003156,-94.4711738014158
"COGR",11306,9,84321.8463787934,-4.71330944650594,0.180768074136805,7.91231480877084,9.49856683744199,-7.28237042506335,84321.8463787934,-4.71330944650594,0.180768074136805,7.91231480877084,9.49856683744199,-7.28237042506335
"COHA",295,1,1033.68972290046,-2.81368507649828,NA,NA,NA,NA,1053.72477358124,-15.4247207785511,-8.15240423159309,32.2928409009584,43.9867725615123,-34.8388833492168
"COLO",435,4,1895.73989408249,-3.0018835580768,0.707005215112216,42.5369800257368,NA,NA,1902.85801181319,-6.25520319993,-0.436230685343636,45.0886482248738,3.22493165290306,8.94302448374197
"COME",94,3,584.199172475354,-9.447183772417,NA,NA,16.7319135682682,NA,596.968265909907,-5.99040058042635,-4.40036654763409,1.53013461434816,2.56541299486492,15.0553670989897
"CONI",3236,6,12309.8575887397,-1.58358200006419,-3.37756038401552,NA,1.87526007906962,NA,12323.6958047524,-1.61660996613979,-3.2029751632318,-3.59354557062548,2.08848024262487,-0.234426035504822
"CONW",1459,2,2665.29564559819,-1.06702574875965,-1.09863847381533,NA,NA,NA,2677.68973595447,-16.5498372924308,-1.54063719860603,-1.72628218990007,71.2377402719411,-81.5200895096525
"COPO",137,4,452.450805589294,-1.4011980799204,-100.982571837455,-2192.64086867151,NA,NA,463.363600571136,-21.9311663454872,-68.3037118715271,-731.883790320663,100.286282776882,-121.579674011949
"CORA",21598,4,89167.2935207775,-1.33471518008377,0.77145609753324,-7.03243011185609,NA,NA,89182.1538903419,-1.60200924370987,0.797745844489752,-7.38340244323728,0.619354471500733,0.0047717899137384
"COYE",25553,9,84614.0795482065,-3.25193439949927,-0.534232907145183,-2.49497944314541,7.91661187387337,-7.30847358798696,84614.0795482065,-3.25193439949927,-0.534232907145183,-2.49497944314541,7.91661187387337,-7.30847358798696
"CRTH",145,1,529.11729589882,-1.04158281287973,NA,NA,NA,NA,544.21225067226,4.10061410933984,5.62663406022223,-32.3556322351104,-21.1864900545028,20.1048113482759
"CSWA",13362,9,47053.4160538027,-10.4836377612932,-0.888295639192139,-4.58945295229517,38.3681470153283,-39.77259645408,47053.4160538027,-10.4836377612932,-0.888295639192139,-4.58945295229517,38.3681470153283,-39.77259645408
"CWWI",95,1,189.028154675779,-0.076617453372871,NA,NA,NA,NA,205.55028764762,-18.8637267941389,0.828482417949328,168.241013034319,85.024551721342,-95.9225904040816
"DCCO",839,9,9907.48161396175,-10.6093369734142,12.662959563191,-26.3278961832998,30.3686771544659,-28.3343889256837,9907.48161396175,-10.6093369734142,12.662959563191,-26.3278961832998,30.3686771544659,-28.3343889256837
"DEJU",31479,6,130986.922716997,-2.24510496054465,0.753965519888231,NA,2.4304936687496,NA,131003.980969094,-1.52321825611551,0.735973564720852,-1.10263789747078,-0.478657384408723,2.97877554983012
"DICK",3971,8,17543.0370304791,-2.92010509167502,-5.4870804506831,NA,11.3969183075962,-12.2461184674508,17548.2282468015,-2.5013396266167,-3.47348777637354,-14.2463511743895,9.46398004928471,-10.0680929764811
"DOWO",6575,1,16799.6681798089,-2.25384412483794,NA,NA,NA,NA,16826.5920683397,-3.58361966159453,0.463178716738407,-1.60969585656844,4.43162883447198,-3.11932668383803
"DUFL",8852,8,31488.9923611153,-5.82966672103156,-0.770176375258678,NA,24.3151714816416,-28.5516461586705,31505.0830198181,-1.14373748978229,-1.05922405008342,0.576893159021118,3.73458247372276,-5.98931772251704
"DUGR",386,1,1413.6123068319,-1.2925059205129,NA,NA,NA,NA,1435.29758254884,-0.187046278072506,3.0840713135597,-10.8912726585151,-1.51661416635786,-2.48462239139441
"EABL",2940,4,10285.8130667655,-1.87534373526968,-1.03240913364254,-20.643866229907,NA,NA,10295.7146950464,-0.000519009866417067,-1.44259013224278,-23.9684143266768,-8.45073810965721,9.45490045647406
"EAGR",84,5,574.785960376689,-66.4375680349081,NA,NA,293.518126955581,-323.968141514532,582.659476508721,-1.93146330380248,-1.04171030986995,-20.2691834901157,9.71931661828442,-11.7304292441558
"EAKI",5694,4,20021.1409213647,-1.60102401438561,-0.798231522475354,-6.76218290305365,NA,NA,20034.0890194221,-1.58154693907916,-0.785367117057433,-6.43812557796039,1.65935621900874,-3.82817905426908
"EAME",4231,4,15226.4745126825,-0.798055678348197,1.11328676513715,-21.9836837609882,NA,NA,15290.5865670423,-2.36488515696726,-0.268060882429309,-11.5611256930718,7.40140901533388,-8.48308805474144
"EAPH",1984,1,6296.9494099643,-1.90573396880072,NA,NA,NA,NA,6317.80843359954,-0.159790173587624,-1.45953494258824,0.732311407412805,-6.53128542341804,5.47965641940223
"EATO",4651,4,11725.5575078739,-0.895799601264412,-0.270979236805628,-16.2765435105546,NA,NA,11728.6404403723,-6.82571550709728,-0.18117629103254,-16.0603102007542,25.5407813266574,-27.2424334774052
"EAWP",12896,2,31037.5372577795,-1.31752756627987,-0.617830026105159,NA,NA,NA,31061.1478004817,-1.16408985016915,-0.62337732697792,0.702017747799721,-0.203099264263116,-0.383656278283753
"EUCD",2420,1,10620.8572407344,-1.38324118260626,NA,NA,NA,NA,10649.3281992583,0.738650887172177,-0.0927025865208246,-3.19392701556103,-9.26125054827899,9.96848964032053
"EUST",5041,8,48258.5361491029,-13.2499916754378,-1.70712393610181,NA,52.1493131701423,-58.626120702837,48266.811589065,-10.4470134425865,-1.67523295234913,3.47583904754048,37.4394021119382,-40.0364713633869
"EVGR",2314,1,11214.4798294563,-1.81474396230348,NA,NA,NA,NA,11238.9609865674,-1.34843818121629,1.1877948381754,3.24806899161147,-0.737528224164781,-0.885750334719531
"FEHA",174,1,616.95811198383,-1.16307874558539,NA,NA,NA,NA,634.145342423009,-9.53372091058363,2.55408478803107,-18.1608300544032,36.9518525530321,-39.9295198021186
"FICR",565,8,1513.38215497762,-53.3524804502104,-4.61279107026062,NA,246.186359830263,-287.148062113242,1536.20085130174,-3.06011863187299,-5.837659665674,11.6457877943758,3.08034354537168,3.32491850293718
"FISP",6107,9,21790.7833046249,-4.38439489921461,1.93955590295854,-16.8884522193649,14.2335124857976,-14.4023261877727,21790.7833046249,-4.38439489921461,1.93955590295854,-16.8884522193649,14.2335124857976,-14.4023261877727
"FOSP",1877,2,5604.79483023333,-1.28947327445165,2.65010367223499,NA,NA,NA,5618.32657422717,-19.7958084522129,2.68585686431383,-1.43029852862674,80.7165512578482,-87.4452079749395
"FRGU",262,6,2359.89895076808,23.0252442097416,-14.8937140887861,NA,-60.4941906613732,NA,2367.04440339527,30.7370881794221,-13.5188592712229,1.39289723121955,-111.477255571359,78.9467115526117
"GADW",604,5,2883.25034949331,15.2453015915324,NA,NA,-81.3530430030472,99.0695736610556,2889.02868799327,11.2813173284953,1.34785325637307,11.4638232817484,-65.1809938321864,81.8370698368709
"GAQU",1047,4,4628.55216336641,-0.65740560247625,5.87621267563079,-37.5944021011892,NA,NA,4641.21900945572,-0.166366962904659,5.71667102300703,-36.9915260417739,-1.8941232942771,1.57180480051096
"GBHE",2977,3,9033.12200145941,-3.03360026411976,NA,NA,2.36403299626719,NA,9052.4009518825,-3.28545580003259,3.03015708121697,-13.742762863656,2.94961252827361,-0.617616477810459
"GCFL",10079,3,26734.5455892362,-0.891511929753541,NA,NA,-1.86134852006272,NA,26757.1055085804,-0.854021238162167,-0.0382296567520818,-2.40691318615836,-1.52929266966776,-0.600918593132998
"GCKI",6970,8,21994.119202761,-6.24172974838728,1.88802730980864,NA,19.2845264083737,-18.5570017425551,22005.8581630419,-2.36817403532479,1.68205735902254,-5.20694811647138,4.4943987320805,-4.26792572832155
"GCTH",118,1,223.447934446428,-1.98533418761348,NA,NA,NA,NA,235.138226519994,4.45154301433082,-11.2961386492911,-56.7517055450924,-12.5044043715549,-4.11847789915006
"GFWO",303,5,1188.07075203409,-76.3395990761635,NA,NA,422.217885585569,-589.105401657761,1209.97518167615,-1.56979325331734,-1.06692436365627,9.24142379413306,-2.03274469061012,10.1473971246052
"GHOW",410,6,1312.23465976124,1.11514600690521,-3.74986908136167,NA,-4.60184767111696,NA,1323.64167300337,2.13671580183845,-3.65278891068641,-4.52509543439005,-9.21836465130949,5.22559612709452
"GIWO",190,1,797.632666116733,-1.166147666659,NA,NA,NA,NA,816.950540663771,-1.74979846376842,0.716690293209237,4.62090841098652,3.31304648976209,-4.81737681825513
"GOEA",202,1,789.114427063428,-1.94475129053248,NA,NA,NA,NA,808.286020383266,-4.28219594431321,1.89425827031918,-36.4134971867141,18.5478002519207,-28.3179534461627
"GRCA",7209,1,20414.1424521914,-1.7218225290185,NA,NA,NA,NA,20447.9413360162,-1.91468737518207,0.0554301944013256,-0.922689326464039,0.908161982063862,-0.996163767461544
"GREG",1277,8,6855.96577963638,-7.33836240093223,1.45395750813065,NA,21.4332553575394,-18.2707869922422,6858.45636773423,-7.72888489730729,-0.312797794855872,8.35556916180744,22.7291277582962,-19.1498334184193
"GRFL",4097,8,15495.5078917145,-9.05711702179539,-1.82748375887886,NA,42.1795143888094,-53.0818140922594,15505.4024308367,-8.25816021031788,-1.3070657079232,-3.77472242133657,38.2239975155266,-48.2628764076772
"GRHE",410,1,1180.89027815426,-1.93608886045229,NA,NA,NA,NA,1186.68221981581,0.969004750758499,26.9622863103347,-80.3024847511121,-22.3568703144723,23.5811605194407
"GRPC",292,3,1554.78824968457,2.69780125470586,NA,NA,-7.32929097119618,NA,1566.368026837,3.06338495861775,-2.11821691173617,-4.86260666207616,-8.04874227768636,0.155843795928112
"GRRO",439,4,1593.84571097209,-1.49177028874491,22.7854711419339,-215.61937923343,NA,NA,1604.77242483176,2.26572877208676,18.8680964479845,-178.758038479717,-15.6337831048874,15.1771847366226
"GRSG",83,2,503.489255924403,-0.852678421483348,-10.6874982756926,NA,NA,NA,516.457977610289,3.46248801360241,-9.4367551140924,5.51225607916875,-21.0342783196982,25.1059181213274
"GRSP",15493,9,65117.6912829841,-1.63306600809535,-0.701985382415869,-14.9012186814373,5.61555407844369,-6.06209392156661,65117.6912829841,-1.63306600809535,-0.701985382415869,-14.9012186814373,5.61555407844369,-6.06209392156661
"GRVI",1802,1,6286.86866291469,-0.770487076242364,NA,NA,NA,NA,6315.14948666342,-1.07315536413858,1.06434371414429,-5.92937360845092,0.380721375592788,0.815219919261397
"GRWA",1518,1,6348.94146459821,-0.806333680369123,NA,NA,NA,NA,6372.71801433847,-0.350589354814404,4.2461670538443,-26.2436861218203,-2.07910980267029,1.82496395623371
"GRYE",603,4,1479.03562831773,-1.9606325128387,-1.35300627659329,5.76542190344132,NA,NA,1489.50785679856,-1.85519187638128,-1.31414265850112,5.85729545627127,1.52233292763672,-4.00082117118656
"GTGR",544,5,5095.87662665843,-51.4176160760591,NA,NA,280.079370153244,-391.174490600962,5118.87980764018,1.0684814297473,-17.715423286275,118.453916608417,-8.94845404149599,5.23162540644378
"GTTO",9893,5,45589.0277416226,-6.06202655671544,NA,NA,22.8052386995714,-24.2803486655401,45611.2074485915,-3.81124015411463,0.826842450112747,-5.45517712613477,12.2082665328532,-12.0413277888261
"GWTE",106,8,334.922130599629,-76.1445125655079,18.4794976918838,NA,400.759328525145,-542.509861570466,360.427974789283,-16.9226968874035,14.1562853515668,5.30595788776242,76.4829432588667,-104.719377631703
"GWWA",1628,1,5590.92596693105,-1.68868613743777,NA,NA,NA,NA,5612.32834824209,-12.0226242714284,-0.52673713755735,-5.34398447777266,43.2371945922724,-44.5948584783721
"HAFL",3037,5,10515.7213605975,-12.6571029053571,NA,NA,56.1392040350906,-65.9959196426877,10535.103921834,0.527570813009702,0.939630521001014,-5.82235186075077,-1.85949525873515,-2.61197463308617
"HAWO",7655,4,24349.609182745,-1.64591072613732,0.888221291499129,-13.5171987389988,NA,NA,24365.6570484343,-1.83343469245389,0.517022001686078,-12.9834324896552,0.146698359448598,0.647638763013135
"HETA",445,1,1661.8537378043,-0.98601103360661,NA,NA,NA,NA,1680.7293257255,0.669916660513222,-9.60467014134688,57.3236486845659,-6.94769038660474,8.51337878749379
"HETH",30587,6,95913.7827326553,-2.52764396760334,1.24204233452224,NA,3.52071189636713,NA,95926.8807788168,-1.89898570257371,1.28042550080482,1.22133615809522,0.691986152812656,3.05803443855506
"HOFI",4308,1,21698.0473629486,-1.42889096681211,NA,NA,NA,NA,21725.5630173055,-1.46423801216932,1.11855737584407,-6.16919887505966,0.452930738763998,-0.990229636398839
"HOLA",34794,7,215331.202132461,-0.678698080982571,-0.414181826631531,-7.87706810708067,-0.489568717874329,NA,215341.612941847,-0.676950530156605,-0.414429986285411,-7.88898878681652,-0.487220657967247,-0.0143697355934825
"HOME",99,4,370.088076586848,-0.726906435526897,-1.23767241294794,-24.0163798277102,NA,NA,374.756327910368,5.78393932882706,-1.65624507381597,-23.7849813134985,-34.7227400302957,45.9135482208645
"HOSP",2750,6,20342.8608454961,0.560183470594502,-1.21882038414382,NA,-4.03116470601771,NA,20350.7931339128,4.01735190771458,-1.52167308247047,-3.58297376979097,-20.688911355216,20.1375058859542
"HOWA",2081,4,4584.04832338663,-0.642160086460162,-6.23877673989143,13.8530248018626,NA,NA,4600.187873394,-1.61261423154758,-6.13868514348539,13.4278801807447,4.63774406134381,-5.49482799140292
"HOWR",20651,9,70714.0675245442,-6.42811708854179,0.229126038968929,-8.34053433543784,23.4136298961839,-24.0722797933379,70714.0675245442,-6.42811708854179,0.229126038968929,-8.34053433543784,23.4136298961839,-24.0722797933379
"INBU",12528,4,33170.0537333893,-0.925380941268553,0.301749148212913,-13.1138725003596,NA,NA,33184.802117685,-1.28486473292696,0.330895194580044,-13.1630008891451,2.01499769146394,-2.67987590740528
"JUTI",2489,3,10406.2509771059,-0.0962603853156162,NA,NA,-3.15268472829846,NA,10428.1542915574,-1.1411310988519,2.43285768439589,-14.3043752018485,1.78806209135935,-6.16173742836958
"KEWA",1159,4,2582.04214119534,-1.01950482000072,-6.7529828340344,21.9504942998396,NA,NA,2595.62692244149,-0.81139192917365,-6.83063436108825,21.4523567498373,0.784825879674278,-3.04312951712942
"KILL",9743,3,38950.524996053,-0.98548501715852,NA,NA,-1.23613735926723,NA,38957.6064725416,-2.81709130264272,0.351224277539553,-4.17013671125656,7.43885995410853,-9.87029293446952
"LARB",10390,3,78660.7763511095,-1.99721839708168,NA,NA,2.47784123956107,NA,78675.8085341774,-2.86932415033166,-0.754922724228256,5.83972322800936,6.63412749679445,-4.8565866572893
"LASP",11179,1,52410.3868719866,-1.31370343153459,NA,NA,NA,NA,52431.4747593035,-1.66951369653593,1.77594777077682,-12.6780178936596,0.837950450716406,-0.00503507730260996
"LAZB",4700,3,19588.3672268708,-1.54558154352247,NA,NA,1.60747033799542,NA,19606.6161226992,-3.82456235803089,-1.12878495913245,2.23730514476148,11.8931524760476,-11.152839680339
"LBCU",1833,1,8238.22940062888,-1.1496415968949,NA,NA,NA,NA,8259.91168119283,-5.18360667896707,-0.0653563795824697,7.83472055269498,17.3337071954981,-18.637440731789
"LBHE",354,4,1454.82687353484,-4.12264229684415,71.7645934405846,-391.308004462116,NA,NA,1466.17024820886,-10.3757411042752,41.4420867269215,-172.456104009918,29.5989042751631,-31.6551138470938
"LBWO",388,1,1441.78286229589,-1.71568200603376,NA,NA,NA,NA,1464.63903559071,-2.94729798375512,3.0045225984536,-32.4332342480071,5.93374765879945,-6.51295492664356
"LCSP",1747,7,4866.82450469741,-0.649710741721553,-13.0336876157148,-18.6455272060679,-3.81693227236165,NA,4868.05698720832,3.57045550338254,-13.716372542586,-20.0441743138291,-23.0189759098755,21.3221454347156
"LEFL",11668,8,33743.076169236,-9.55735539674656,-1.04672916719844,NA,34.6445321248478,-35.1105042044182,33755.1176231289,-5.80149434060158,-1.35788414396592,-1.01875942467205,18.9324213281787,-18.8227229664346
"LEGO",1065,1,5108.96427782653,-1.78055066898095,NA,NA,NA,NA,5134.35521779447,-6.24874546293325,4.6498503603524,-22.0718832383947,18.4310189787131,-19.1007989660817
"LESC",184,2,1054.55170235697,-0.82934133610964,-1.61735190163303,NA,NA,NA,1068.65843358179,0.384276120480504,-1.43878431130412,-1.60961763132713,-7.37670740507946,10.6550912078837
"LEWO",135,6,588.587997802932,-67.1621624755271,-79.0003042475888,NA,137.25886530269,NA,598.272504158561,-34.9056662873391,-75.069389633718,-41.3594178391554,11.4065413085756,122.481036900649
"LEYE",382,9,1411.00821488914,10.9826230324946,-9.19021943747395,-23.5320831045441,-55.3114096984663,58.2656222736258,1411.00821488914,10.9826230324946,-9.19021943747395,-23.5320831045441,-55.3114096984663,58.2656222736258
"LISP",6475,6,20233.5310126233,-2.64878664346307,0.606234443637831,NA,3.50262466112638,NA,20251.6144724585,-2.15650623737902,0.598993386538899,0.0224536351898131,1.35437228819856,2.31945872199314
"LOSH",1291,1,4819.71108771323,-1.43771654566717,NA,NA,NA,NA,4844.2266381295,-1.28524902857656,-0.393154795369644,-6.96844331685946,-1.57652244663909,3.0194971246054
"LOWA",145,1,355.299976017415,-2.42094901884171,NA,NA,NA,NA,366.870251508007,-59.819536427811,-51.1980795588077,131.214234687127,19.4043094135824,210.20104650668
"LUWA",262,5,1137.43561057962,14.2389087484374,NA,NA,-72.8196234698997,82.5568978408334,1156.07609992655,0.166433512478104,-7.83494560361486,52.6991041279069,7.06283004751556,-29.265324299141
"MACU",143,2,650.432884881701,0.478772966879672,-15.1894338749237,NA,NA,NA,665.26387210515,-2.75064510750854,-32.4789162334109,51.1929130054266,22.4412781268956,-26.8601480138945
"MAGO",871,5,3253.69722664482,-122.601935413716,NA,NA,551.00918815582,-623.966772487862,3276.29954960886,-24.6200047348917,-0.452931103846709,10.3014186043945,100.202804588311,-107.997627470595
"MALL",3843,9,21997.1271307369,-7.29743208231411,-0.0898528734590332,17.624031304175,26.7459396983768,-34.2797279403427,21997.1271307369,-7.29743208231411,-0.0898528734590332,17.624031304175,26.7459396983768,-34.2797279403427
"MAWA",9011,2,19524.0063961397,-1.48653173490767,-1.20992400256211,NA,NA,NA,19534.2992279181,-3.59475035666889,-0.642638997467893,2.70429510866343,10.7883931083001,-13.3686732573154
"MAWR",1055,3,4235.55440667407,-2.50425960303346,NA,NA,3.2219587396932,NA,4249.29474685972,-6.83890193727181,-0.16426288138558,-0.685372366614812,21.3345423073699,-18.6765155670208
"MCLO",1443,2,6819.56108441727,-1.14258973509301,1.19786730547954,NA,NA,NA,6836.82894489936,-3.32014623158186,1.01372308363482,-5.16379150772648,8.74117193156123,-8.17784646352947
"MEJA",148,1,1138.36128902297,-0.936801352853191,NA,NA,NA,NA,1154.90695011333,-0.564172178106969,-4.54721415541791,29.0113208105476,-0.644150466989038,-0.236420674991059
"MGWA",5632,1,21018.6982743686,-0.87625112431308,NA,NA,NA,NA,21047.2709381069,-0.369954553400414,0.20480553787481,-5.35493907319409,-1.71019282840666,1.51261060952536
"MIKI",269,1,841.704199512072,-2.67171144884731,NA,NA,NA,NA,860.097107751367,-1.41034183042734,8.02979306257405,-83.2573999380265,0.720278234053273,-5.53290447652265
"MOBL",6506,2,28389.3796563823,-1.38598568125253,-2.14278168164551,NA,NA,NA,28411.1335138506,-0.802256009814337,-2.65320155296213,6.80314497889563,-2.28627668773883,2.09865403993476
"MOCH",17181,8,74587.6379237687,4.36701865255555,-1.57392208619665,NA,-23.1947935180162,24.9451932887469,74619.081423607,-0.858317832954797,-1.77969567262669,1.742089266694,-0.259143363904776,0.0244447992573251
"MODO",44577,9,186677.330015644,-3.15978721292575,-0.78388415313172,-12.4715288786838,9.62371068997501,-11.0479938303473,186677.330015644,-3.15978721292575,-0.78388415313172,-12.4715288786838,9.62371068997501,-11.0479938303473
"MOPL",143,1,575.885911813677,-1.06877788871688,NA,NA,NA,NA,590.539791268743,-3.59407517252416,-3.82860062707823,14.0762328113598,3.95510484990133,6.10277100944525
"MOWA",7206,5,19134.9075889921,-29.3131707596289,NA,NA,121.884808525666,-131.99435819079,19165.4657789526,-1.44855245993373,-0.903435735438771,0.236437513400027,-0.00615831966798086,0.320887555608519
"NAWA",18564,5,66943.2086476001,-12.3407926319047,NA,NA,47.2750826368912,-49.6039736856092,66949.4981796953,-10.0477732895722,-0.555099290220546,-3.2926452465,37.6133398195526,-39.4152312105259
"NESP",87,2,201.890419242593,-10.0289291435808,-23.417513220717,NA,NA,NA,214.72458283239,-19.188824741733,-27.4680256039404,16.4871088884869,5.45716974007489,6.70307980526032
"NOBO",3188,2,11553.0203492867,-0.698862946654975,-2.87854972673257,NA,NA,NA,11565.0503435224,-3.44017918411067,-0.646902999685922,-15.0724719643324,12.4184120682072,-13.7871051125428
"NOCA",20321,9,57332.148308299,-1.88367278822839,-1.02418755707543,-21.0857440174109,5.5940244516796,-6.29966614157738,57332.148308299,-1.88367278822839,-1.02418755707543,-21.0857440174109,5.5940244516796,-6.29966614157738
"NOFL",19323,9,67824.2818271292,-4.77058607536403,2.24298647549052,-15.9469541577288,12.4239513269863,-12.1519614145259,67824.2818271292,-4.77058607536403,2.24298647549052,-15.9469541577288,12.4239513269863,-12.1519614145259
"NOHA",1073,1,3740.03305119257,-2.29689082159975,NA,NA,NA,NA,3758.69288608052,-0.222275171508565,-2.67119255277025,7.3021244153238,-3.10446165608529,-3.09503994558921
"NOMO",10575,8,34088.2526807004,-3.69567890978054,-1.76181520442014,NA,14.5958564338269,-16.5100351704965,34112.3203184138,-2.4510207818945,-0.767455021544855,-7.93117094372082,8.71099332811159,-9.66800290236814
"NOPA",5476,1,14926.8339563042,-1.38373793968361,NA,NA,NA,NA,14951.065154879,0.670858929900662,0.135803351795253,-2.68471130116311,-7.44624587184457,6.69287276521075
"NOPI",303,1,1806.59744095544,-2.39255437657662,NA,NA,NA,NA,1821.5263000095,-8.51533724890913,-11.4997464246375,-49.1170151457928,19.5058233154192,-11.0757927434461
"NOPO",101,1,350.248508310507,-1.21551810365007,NA,NA,NA,NA,363.51965878625,0.112291224335234,-1.6535044315616,23.4461665592245,5.55851721101981,-19.8463550913109
"NOWA",2833,5,7335.71501441334,-24.4889936998904,NA,NA,109.946343411497,-130.246422501109,7379.53342001586,-2.77666775744779,-2.04185102921527,-4.28074936237943,11.1825850706805,-19.2751585388224
"NRWS",1653,9,15025.2991154797,-2.609723025448,-10.1369248911741,13.5272503927469,7.5073000678383,-7.11803302942091,15025.2991154797,-2.609723025448,-10.1369248911741,13.5272503927469,7.5073000678383,-7.11803302942091
"NSHO",512,5,2678.18230308064,4.82407400648831,NA,NA,-27.1597408595578,30.0832684034818,2685.53173992304,5.75137227415876,-1.51481187715313,2.82249281909543,-29.1006968701302,29.2023006106415
"OCWA",3450,8,11691.8495831154,-15.885753849878,1.53128209572179,NA,67.7520852086038,-77.0748368090541,11709.6388817276,-11.280006203481,1.88143603498859,-5.04406622562486,47.7734176498756,-55.4680683745878
"OROR",1907,4,5363.61014139219,-1.28697678782605,-2.0256926458662,-36.2371075580983,NA,NA,5379.95482825167,-23.4725893144341,-1.49509186201964,-19.7169125219355,92.0556444532066,-94.8592546651558
"OSFL",3199,2,9493.04350659054,-0.952936471584073,1.27159154156789,NA,NA,NA,9516.24177679488,-0.770002571154845,1.34018034491813,1.30938009669694,-0.394573340212362,-0.0830217619515723
"OSPR",331,4,1176.76992879739,-2.99223450771431,25.6445404487186,-96.5232665192336,NA,NA,1188.69245006642,-1.26960938023432,8.53653346842159,-48.3489935057479,1.25493641269707,-5.17651151098825
"OVEN",40243,6,133615.689734913,0.120378171662383,-0.53842127619798,NA,-2.57252579291525,NA,133635.579213304,-0.765716661217536,-0.484808581349176,0.376301740723233,1.32633251446881,-4.2830225661609
"PABU",814,3,2854.82280193101,1.07610445857177,NA,NA,-4.99604407443107,NA,2868.28904199372,1.14500950918586,3.21391806827872,-26.5576900031719,-6.96896482172867,4.80151428228676
"PAWA",2423,2,5171.63090090185,-1.65752820095156,-2.85089583546858,NA,NA,NA,5188.87224446547,-1.9703571986144,-2.51290436340156,0.93079017605717,3.1658822350981,-5.38572940318086
"PAWR",1763,1,5596.26712775276,-0.507979444174107,NA,NA,NA,NA,5621.38925558115,-0.566216479275479,-2.39045484682676,8.1903981036853,0.295741010706536,0.151181429484204
"PBGR",418,2,1112.85047111229,-2.60765869672641,5.9874766575264,NA,NA,NA,1127.45552404434,-7.75148125678059,15.1329026089454,-23.9094663894075,17.8372623545297,-17.3713985192508
"PEFA",88,1,330.130741743642,-1.77641045169696,NA,NA,NA,NA,344.029183791865,-2.14704290848375,2.3643787899495,-74.5742869788398,12.2170284462026,-22.7077201057994
"PHAI",368,1,1730.77450141923,-1.37415354126136,NA,NA,NA,NA,1751.01032940021,-0.0468347967609168,-1.5714234577064,23.8333085502082,-6.38442993924825,6.706232280493
"PHVI",654,2,1172.36389956749,-1.53039042131499,-2.81685399583883,NA,NA,NA,1189.4873241765,-1.30185970688697,-4.09114925599321,-5.09734073237134,0.950329612246495,-3.41805844881391
"PIGR",1211,1,4847.57353528969,-1.64057315892938,NA,NA,NA,NA,4875.28070104714,-1.36823174635661,-0.731748277689048,-3.05592651472775,-0.153674684088479,-0.475196098675055
"PIJA",2367,1,19145.4172493476,-0.955325062935485,NA,NA,NA,NA,19164.6774246847,-0.725005892618605,-1.83955710739171,15.6732139555949,-1.42712401637252,2.11440199811518
"PISI",16870,5,87639.8087124927,-9.46091007366317,NA,NA,30.780768612062,-30.0090849021059,87651.4111957612,-9.51217831488428,-0.078842122204632,1.88417083385693,30.7099994042003,-29.7456071314238
"PIWA",4904,1,14265.4072102131,-1.35307097165622,NA,NA,NA,NA,14296.0265788019,-0.857173791662498,0.0291630252052367,-1.43294640347166,-0.924699763210578,-0.17522979348133
"PIWO",5712,1,16450.3162211295,-2.28572631827416,NA,NA,NA,NA,16483.3324008551,-2.37392902935633,-0.322328676417297,-0.666878933058348,0.142183628800865,0.217590413554771
"PLVI",3707,1,13309.2364119033,-0.894198360521013,NA,NA,NA,NA,13336.6980903974,-3.95706934346299,0.0774109279926749,-4.70781292771495,15.0511284748801,-18.0520606981859
"PRAW",712,2,2348.9294495123,-0.53758365876721,-4.52578190009068,NA,NA,NA,2354.88027834636,-11.8569609957483,-2.14914591442548,-8.29912122294096,51.5588855063592,-57.9134294417891
"PRFA",165,1,617.421065944229,-1.57628099460953,NA,NA,NA,NA,634.356604019319,2.3668742698768,-3.96664041758338,-21.3927529885579,-23.0983668732043,33.6275923806276
"PROW",3652,6,9046.66368452904,-0.260910726699955,-1.60149808623672,NA,-1.73120391536692,NA,9060.49202585095,-0.922038108205479,-2.52784782710723,3.20637686683846,1.59598699800602,-3.83736348498951
"PUFI",1301,1,3680.91000810609,-2.25128517680732,NA,NA,NA,NA,3706.60869136612,-3.21769657802284,0.786678915163503,4.63225621067369,0.761512277334044,2.81174498981069
"PUMA",965,9,7868.05857073931,-40.1300551149216,-8.76998745275158,-50.7844951118589,197.024197739291,-241.988685285579,7868.05857073931,-40.1300551149216,-8.76998745275158,-50.7844951118589,197.024197739291,-241.988685285579
"PYNU",2172,4,10766.3203181962,-1.68694302961633,12.6814206382849,-69.6766979868764,NA,NA,10778.6854570023,-6.22552117420665,13.9217111180727,-74.9373334833955,21.6993959095644,-26.0458382073116
"PYRR",230,1,981.906198863145,-0.975921411219371,NA,NA,NA,NA,997.7773282703,0.126474645876497,-1.70387857880362,-8.97081460438929,-2.947512892435,1.37314233752229
"RBGR",12760,9,33572.098566161,-9.98539581994882,-1.359307692909,-3.43834202282586,39.7671941697371,-46.856768242024,33572.098566161,-9.98539581994882,-1.359307692909,-3.43834202282586,39.7671941697371,-46.856768242024
"RBGU",565,8,4489.08318571369,-172.997678009462,-0.353255504716887,NA,725.669932104222,-763.923931507846,4586.09896530793,-23.8651653342437,-0.0256519912103674,12.9605598089262,81.4071861027382,-72.759665481503
"RBNU",23211,4,82523.2491455837,-1.35036728779064,2.5203386685263,-5.50641099851494,NA,NA,82546.5682636167,-0.146088863398765,2.49281384595994,-4.88680986757165,-5.26665005542711,5.68460765687914
"RBWO",12033,1,31957.4631896085,-1.74422010311641,NA,NA,NA,NA,31968.9624531299,-1.26689497842219,0.508638262194881,-6.75369200946812,-0.717522295673319,-0.21931910265731
"RCKI",24674,9,82214.291822559,-8.09567106793893,1.99269260912749,6.47344414223784,30.4844024396909,-33.0779738829637,82214.291822559,-8.09567106793893,1.99269260912749,6.47344414223784,30.4844024396909,-33.0779738829637
"RCSP",706,1,2803.92335997026,-1.01482779554594,NA,NA,NA,NA,2825.57997423763,-0.789538196079436,2.9051679258811,-16.2453131987994,0.0151428998144759,-1.96232637190497
"RECR",5881,7,47776.699553306,0.781039827050926,-2.93899602816296,-13.7135132237792,-5.01647432063492,NA,47785.9769056797,-0.147350960941028,-2.93578966058908,-13.6782739757799,-0.9970412781595,-4.3234737431577
"REDH",129,4,598.17901664757,-1.50078133737804,-0.938799251937743,15.651214532274,NA,NA,606.228524538035,1.60526957116212,-1.04432295494447,16.6530424475152,-10.8869997363385,8.48693148071769
"REVI",41961,8,124406.374474082,-3.32109347419049,-0.550634194399565,NA,8.79112167440637,-8.55336910975364,124430.267458891,-1.41353297891014,-0.609165825893217,-0.0295217444968476,0.554615397604593,0.265415683099618
"RFWA",236,3,926.20731612098,2.01932751947393,NA,NA,-6.67042717351549,NA,942.475365781234,1.73134064333613,3.74716175337393,-21.2307997179549,-5.68947079146669,-1.3317797326406
"RHWO",3639,4,12158.8903318558,-1.43083103213372,2.33357958899255,-24.9229892699166,NA,NA,12173.3896924948,-1.80804311614602,1.67760785971463,-22.6149621356068,0.364753090076009,0.824983365433605
"RINP",6815,6,30047.7298205336,0.157538305497182,-5.326803965152,NA,-2.1591481162943,NA,30063.1303513584,-2.71420594380664,-5.36577422821805,-0.433035724455146,11.3451331130595,-15.754664846331
"RNEP",2293,8,9391.48065063373,-61.7368876094278,-3.07901081474995,NA,271.354076056812,-303.789984485137,9401.65147645965,-50.8127524278321,-2.72088739394507,-5.46325889662305,222.069259568175,-248.41216159483
"RNGR",84,1,152.439616246698,-1.24947013112463,NA,NA,NA,NA,168.70109151653,-2.58818056123965,0.874332548498036,12.3138921543473,0.591230831536387,3.39544510542288
"RNPH",110,2,268.759894795749,-1.10493774842294,-6.67670291667864,NA,NA,NA,279.124739368796,1.03172535299477,-10.0796121885779,24.2557682398596,-11.8737439090998,14.5718859312935
"RNSA",1826,1,7027.21358623237,-1.7219874856494,NA,NA,NA,NA,7051.39669889483,-1.36375977650078,-4.25838417672417,15.9414235783225,-4.39194338574015,8.37576714174335
"ROPI",1331,7,20004.5923379545,-4.07882550805303,-1.49382293269535,10.3124400091478,4.8266359625148,NA,20010.539946866,-5.82014042810881,-1.41058825344173,10.4068128481171,12.2256343562281,-7.78841209067228
"ROWR",10616,3,41584.9854635048,-1.42736181367156,NA,NA,1.46107490294449,NA,41608.0435521088,-1.11953653753477,-0.527719245010333,-0.133491201204075,0.285825673589618,1.28068041970162
"RSHA",698,1,1748.19547751458,-1.91634650381528,NA,NA,NA,NA,1767.19753220966,-3.62126893463413,-4.28605429641886,3.59618130606308,12.8663641443701,-17.7388869130151
"RTHA",3049,8,9964.45380153881,-5.31621355497824,-1.94854210758507,NA,16.3652335787078,-15.1243079500523,9968.89874282401,-4.59101713634036,-1.34351609666719,-6.87140987250928,13.7838331519942,-12.7657786669474
"RTHU",1028,1,2731.52793478126,-3.39929645374988,NA,NA,NA,NA,2754.42827112983,11.180053734028,-7.07749661905965,-61.9955956196186,-57.7769728973543,59.4780654908273
"RUBL",205,5,898.766292170808,-41.3200247225965,NA,NA,181.639513961372,-207.485300068252,913.610987873164,-5.74282623065543,-7.32248388914059,-10.3504268985783,3.76252619680076,6.68382882011774
"RUDU",95,8,619.372933640607,-174.087576299266,3.47107461764438,NA,744.038055590077,-795.075254570559,630.145352482279,-58.6698681216577,6.0354245584118,12.924907502414,224.886137565914,-214.443398040328
"RUGR",3494,1,8868.12896441729,-1.3526906100832,NA,NA,NA,NA,8885.53452083981,-0.589130161131908,-1.07594114674976,-2.84631007514193,-0.592768071391971,-3.0875806455309
"RUHU",171,1,647.988838697516,-1.6297356412969,NA,NA,NA,NA,665.853878038721,-1.57986159103646,-14.3940110670502,82.2728512304808,4.65247632477214,-8.55584424823803
"RWBL",35174,9,235705.240182194,-5.97140319908928,-1.0989038991699,-4.20471876096316,20.8675665848177,-21.810035192733,235705.240182194,-5.97140319908928,-1.0989038991699,-4.20471876096316,20.8675665848177,-21.810035192733
"SABS",5116,6,23881.4429866172,-1.37226552527489,-1.21989531753338,NA,1.8254226007347,NA,23890.9176153261,-1.75694863694744,0.975097885320934,-16.6561750612179,3.56985745090008,-2.13051700371912
"SACR",1960,3,10111.6537406098,-0.130682963944804,NA,NA,-3.73368004216102,NA,10126.7510834999,-0.386882156591571,1.86087929239829,-13.9150039882069,-2.0505715762632,-2.34192001292038
"SAPH",2555,2,9223.62545582988,-1.00978970310502,-2.93808797019292,NA,NA,NA,9242.65990560294,-0.822819002298361,-4.44257540346711,13.6242033663188,-0.242494810188541,-0.480004854901559
"SATH",7114,8,25598.133924967,-11.9955749485984,-1.86037285349887,NA,51.5393110119455,-56.6918316458404,25641.1041433827,-1.81325738524796,-1.3357943520487,-3.7268419112571,4.91478718621228,-3.7269354614127
"SAVS",11277,8,44465.7056400615,-8.65752976665263,-2.04931791451525,NA,28.1392617830887,-25.6134807315918,44504.3473902061,-2.74208292722108,-2.6688735813241,-5.26839195328075,4.11843979354768,-1.14988099776391
"SCOR",477,1,1876.78808275826,-1.41392076195189,NA,NA,NA,NA,1897.7043834744,-0.0890314506817784,-3.26018895240173,12.7820698359842,-0.485506891747587,-7.44592162507791
"SCQU",978,1,4200.44361981743,-1.06577262260776,NA,NA,NA,NA,4226.21817583533,-0.911636196178022,1.32965354660529,-9.74061839095719,-0.238962303503398,-0.501873849356043
"SCTA",4709,1,12248.8333832238,-1.70026186805585,NA,NA,NA,NA,12274.6274509017,-2.27426217650278,-0.335223092993919,2.3768220046075,0.548080387572229,1.12288346645077
"SEOW",230,1,889.455986236927,-1.66509415739198,NA,NA,NA,NA,906.358788232248,26.3147494369827,15.0520896601139,-192.169537712145,-124.919419270239,139.03984442755
"SEWR",3619,8,14721.2512403112,-8.36594745583238,-1.63990976806311,NA,25.0874898045571,-21.0024327521728,14752.7461454543,-2.82975149443669,-2.16415608628973,-7.23646107348007,3.78401969711675,-0.416101813926788
"SNEG",217,1,1064.93244541354,-2.4386937514265,NA,NA,NA,NA,1079.33687135362,-2.50078180185591,16.1941915068642,-46.0278055583587,-12.0450499073286,25.0667168751506
"SORA",813,1,2254.25465920872,-2.05419371771467,NA,NA,NA,NA,2275.31941102442,-2.70501094683554,-0.635937864781886,9.94585069410567,8.27484825385255,-16.176196526892
"SOSA",332,1,769.292857081199,-1.84792061460497,NA,NA,NA,NA,787.643494620138,-16.3914682685852,-0.0274440840451824,4.96997335438712,52.8952446055867,-47.1534327622037
"SOSP",19776,5,66002.227207534,-3.94377168663247,NA,NA,9.71860463356715,-8.8844748117691,66014.1906283616,-2.54076699801108,-0.237201440239345,-1.60030344191039,4.25366401433577,-3.45641641011602
"SPGR",93,1,272.09273442843,-1.58782846254406,NA,NA,NA,NA,288.066033662352,-2.28998316145081,-1.34752206317498,3.5179204157268,2.16539345032986,-3.00241143725021
"SPPI",2807,1,7135.43099120444,-0.371725267555308,NA,NA,NA,NA,7156.9889672749,-2.51340568984096,-0.247378007022854,1.35987378467112,8.3097272056367,-8.2902611679444
"SPSA",681,5,2550.34437689557,8.17016787874898,NA,NA,-46.9848107483198,54.6378233784715,2560.88523479755,10.515081324324,-1.05015555663744,-5.15618734795985,-55.3489409553554,62.3371666038588
"SPTO",12904,3,58144.2323627453,-1.07362441047528,NA,NA,0.823588933734444,NA,58165.7613505398,-0.890617227304195,-0.418095413529251,-0.21195547638076,0.141087705187397,0.764001896666068
"SSHA",184,5,603.606858356846,-254.708688380028,NA,NA,862.737819506853,-722.527579948851,617.262320805482,-74.3612487359927,-32.679038874915,-179.437975661615,238.128155696046,-181.416502649496
"STFL",437,2,2000.24145333918,-1.35843405106961,-13.7131570330664,NA,NA,NA,2016.59107046113,0.61169274270227,-19.0573604540252,-2.05897499282529,-5.83126887681725,1.24191131370367
"STGR",471,3,2786.31692164143,6.27623449553631,NA,NA,-18.6121721299093,NA,2792.54411823438,4.27622914153243,0.966269131465656,-44.3537054233697,-11.7066072018005,-3.6396089546689
"STJA",4213,3,17446.5314927805,-0.225358719740156,NA,NA,-2.33739764955347,NA,17470.9237826868,-0.476566096639096,-0.883872732618914,2.91376791778329,-1.00781358571597,-1.49665321829402
"SUTA",3145,2,7133.22248478003,-0.756676710247798,-5.10295219334641,NA,NA,NA,7151.87356687047,-1.70343647050349,-7.74511530125015,13.2675639676793,5.01107687962947,-6.62908473232587
"SWHA",1080,2,3792.415050031,-1.37199039966168,-2.53466165109431,NA,NA,NA,3806.185213301,-0.474471981616977,-2.42854873803702,-3.19916509707851,-6.39613211423079,9.88726901409181
"SWSP",5796,3,18959.3968341751,-1.94592388700426,NA,NA,1.20452207068406,NA,18969.9185030671,-3.08462337156286,-0.138377091963018,1.95265224501099,5.75756205567548,-4.70500668739595
"SWTH",22772,7,67666.8377881633,-2.2238527491959,1.21374007579479,2.81790788514726,2.8328200680397,NA,67681.1680277306,-1.82194009921628,1.21068170779007,2.8040172614855,1.14636695568167,1.76130079890994
"SWWA",397,1,816.458615220707,-1.11939729176123,NA,NA,NA,NA,837.993679577827,0.528974505178799,-1.75654133211977,2.41504479209127,-1.4681235704916,-5.64327204052743
"TEWA",12593,8,24426.5742832305,-5.77157704237618,-1.43673725249123,NA,22.4821553146295,-26.9067108095759,24446.3067506449,-1.37059351737197,-1.4234338102962,0.258180222295765,2.8585158264329,-5.10930383821771
"TOSO",4842,1,17900.6324318875,-1.25943330791229,NA,NA,NA,NA,17932.9495532048,-1.48246522067283,0.732423415370183,-2.49419215649286,0.0528450205712161,0.720304437009574
"TOWA",5536,6,23855.2740520674,0.614827560895519,0.825123998935856,NA,-2.65055044612346,NA,23871.9866545796,0.370638461595335,0.678498125433098,0.764620206894212,-1.5463959293411,-1.2195918410954
"TRES",7025,5,42730.6162460902,0.13315319296757,NA,NA,-6.06516739860631,4.95706989275202,42739.976582065,0.0412237971515019,-0.0744753485660406,1.71832215380618,-5.87440709199478,4.79184861460098
"TRHE",147,5,713.640313935276,-177.343641747448,NA,NA,894.109715885821,-1131.67411702175,742.297260569707,-66.3913309903045,75.3240637900687,-548.317210365795,317.883024514059,-377.184270075559
"TUTI",8467,8,21619.4857524039,-5.47915906981184,-3.57536310523437,NA,24.8719277416981,-31.8352217774217,21627.4010061494,-5.54799533994342,-3.77699596798012,1.36610553862458,25.1769394937899,-32.2083107344595
"TUVU",2608,1,11955.8833989171,-2.14599013992734,NA,NA,NA,NA,11984.570500426,-2.36989356009894,0.0329795100184126,-2.47530404937735,0.0385363853787021,1.33088003879746
"UNFL",612,1,2305.90213852132,-2.2246006736028,NA,NA,NA,NA,2328.1165805384,-16.0069001300544,-5.33662936718512,9.94058569845557,55.778324804869,-53.9493488359444
"UPSA",3692,6,14451.5056249344,-4.03165462038153,1.77130053208518,NA,5.8660664623647,NA,14466.722811417,-3.66356823826613,1.61977743506235,3.41027799883159,4.02711162490771,2.12960513968707
"VATH",3214,7,10506.5826587804,-1.78593004615399,0.746600210378967,-5.54340169114988,2.50734530330528,NA,10515.1167833007,-2.2109982860633,0.751051046665554,-5.250320671983,4.26332269755243,-1.82179464945355
"VEER",14591,6,49885.7195004964,-2.15618062719476,-0.397424512319629,NA,1.62510297097277,NA,49904.5345512794,-2.1043428535664,-0.357963866012509,0.533162941030598,1.36137440320702,0.287036029656062
"VERD",397,1,1622.3713516686,-1.19602900678681,NA,NA,NA,NA,1645.19684335807,-2.37083398920935,3.09760758572879,-10.1663288504285,5.13192796467133,-5.95141401078955
"VESP",22751,7,96551.6632086454,-1.22796851188189,0.216662273744849,-3.89674209516499,0.866680294747237,NA,96561.7126127983,-1.18559799322478,0.213108965105614,-3.89721585333729,0.674129347019209,0.217724599511962
"VGSW",4679,8,31259.9318451136,-9.15184721131522,-2.48757624912023,NA,39.5835709381837,-49.1208217987989,31274.8138858133,-0.183525613385878,-6.49555879552024,25.8597947647479,-1.83616344540694,-1.33923137320573
"VIWA",2013,2,7823.24357696687,-1.0064646230976,1.85080981006189,NA,NA,NA,7845.32455089035,-1.29257047244668,2.69618106390889,-4.61057560013195,0.556561964766833,0.115891683596789
"WAVI",20101,9,68209.7144164986,-8.91801136641805,0.976596955940983,-11.9726437024323,34.4734480826791,-36.0912943587378,68209.7144164986,-8.91801136641805,0.976596955940983,-11.9726437024323,34.4734480826791,-36.0912943587378
"WBNU",9716,4,29896.1967030494,-1.57185389577707,0.843443548205559,-9.50824985640396,NA,NA,29906.9874566587,-2.97005607521575,0.991302873431565,-9.29250480649109,5.48418205643808,-5.21070219704846
"WCSP",5226,9,23184.8655611507,-9.88321350863538,1.27880558054561,-6.13742543257906,33.6810209272842,-30.573721628307,23184.8655611507,-9.88321350863538,1.27880558054561,-6.13742543257906,33.6810209272842,-30.573721628307
"WEBL",1587,1,7554.51149806705,-1.50527568477477,NA,NA,NA,NA,7567.71027763713,-8.1196790930731,-10.0698368783041,54.5746072873505,33.1620226949832,-39.5873489236937
"WEFL",143,3,497.196300729464,4.09199728199797,NA,NA,-11.0567978822295,NA,506.48835266594,1.20654156139133,12.974133696126,-86.3602326574125,4.52544082757416,-21.1407211757338
"WEKI",4713,2,23256.5463571351,-1.28626994760107,-1.47276567454951,NA,NA,NA,23281.7029073492,-1.19363242009023,-1.44257648610812,-1.57927864943525,-0.38022781147979,0.419094654738189
"WEME",54801,5,294578.748092183,-5.44453506412134,NA,NA,24.6788687757187,-29.894916479412,294880.923487036,-0.206277688473341,0.174630313723685,-1.32315608669553,-0.0372092808458892,-0.962392956218756
"WETA",23901,7,86202.1662490029,-1.1352133475602,0.821254589388759,-7.46545709111494,0.748762488907907,NA,86212.1535777696,-1.19691913464543,0.822958795071926,-7.47399228659055,1.03446186476581,-0.325241421006629
"WEVI",6557,4,16801.6278115992,-0.418865441643613,-6.89775832624812,15.6499183562274,NA,NA,16819.1842320834,-1.03283079091213,-6.72494292409539,15.3076036427281,2.55962184761674,-2.60852472140911
"WEWA",177,1,402.817257577783,-1.56924589566114,NA,NA,NA,NA,419.484295166999,-21.2885720251884,15.8611478761485,-83.0422394848105,94.1850975771931,-109.872200530473
"WEWP",10166,6,36116.2006321418,-1.54950245437156,0.58551389743376,NA,1.72992541755354,NA,36133.379777962,-2.92806800439977,0.582675117130022,-0.724791265481789,7.78382116192724,-6.55032060671635
"WFIB",124,5,1583.61710220728,-1347.49591191902,NA,NA,6127.1168200161,-6958.4907536482,1714.69251029984,-26.1950951202433,-6.21668012731672,21.0729077885495,88.3082645291922,-71.0171025737328
"WHIB",265,9,3120.34351108516,-19.554187182896,88.8425343036595,-360.823807981616,92.7423827009657,-154.796173155616,3120.34351108516,-19.554187182896,88.8425343036595,-360.823807981616,92.7423827009657,-154.796173155616
"WIFL",1256,1,3190.45400657887,-1.40112169130676,NA,NA,NA,NA,3195.63125288613,-25.0917816112177,2.11424098490935,-7.78958033318112,101.542623094517,-108.132606060789
"WILL",1003,7,3380.80187024088,-6.20872253511522,4.36002867440398,18.1389710424037,9.65885628476451,NA,3386.95278600305,-8.31328312319524,4.40769918458196,19.0084586652034,18.9430439537484,-10.263512239492
"WIPH",398,5,3069.26660971485,-223.425506194188,NA,NA,1052.72147831635,-1244.52741771678,3076.57680186717,-12.1892816132144,11.8160262156793,-56.833053605961,43.0341414604226,-42.8167381881571
"WISA",491,1,1886.15825253451,-1.63248297194374,NA,NA,NA,NA,1906.65989496759,-70.6174606312937,-9.65998032021372,41.2160749757818,308.106250299146,-340.354489916091
"WISN",5679,1,15391.8297020151,-1.2791210300692,NA,NA,NA,NA,15417.1833949613,-3.73929653271838,-0.181317424175135,0.647704518706415,9.34628690172616,-8.72589416420787
"WITU",1876,1,7204.63315879521,-1.50219642072261,NA,NA,NA,NA,7229.63940181119,-2.85224269831082,-0.133973750481805,-4.9320804297182,5.34294182329999,-4.55921454577263
"WIWA",1796,8,6030.95060816317,-29.6489716497999,1.18015853507906,NA,126.65587964593,-140.279712119512,6036.85908880055,-16.363933158142,1.23815043268599,4.86830001311588,67.4994576320733,-75.466743825386
"WIWR",9767,4,19771.8973863249,-1.23164288928061,-0.560396854920615,3.56230567442222,NA,NA,19781.167089783,-2.40305936242572,-0.461775318710115,3.92143785236894,3.91682684066643,-2.92546574949043
"WODU",1993,7,9016.32900564194,-5.4640025042187,28.6273893848728,-64.5767802664339,2.40847721872212,NA,9023.38315723209,-5.53633836515481,26.1971155302129,-59.2801099802417,3.70149608309358,-1.22884862956983
"WOSJ",2254,1,9630.46057567745,-1.58555177525371,NA,NA,NA,NA,9658.16947644895,-2.24666010171145,2.97673290396279,-10.4209233897143,0.721351490326509,1.43516950423657
"WOTH",5177,4,12106.2992391984,-0.840756343798791,-0.128106583786787,-10.6105772008826,NA,NA,12113.3929033937,-4.57299399328379,-0.0244897356417012,-10.4757255245003,18.0940184435831,-21.6813369503401
"WTPT",87,2,413.618953068772,-0.901347547196783,-9.69607201421132,NA,NA,NA,423.521051250903,-9.65055944713349,-10.7985798769768,14.6352308244033,14.469395915731,5.09093997309654
"WTSP",27586,6,86822.3824697914,-2.05820595425432,-0.758782512431822,NA,1.49681792608188,NA,86833.2097618432,-1.47384515750919,-1.04808155739196,-1.11666111196234,-0.905555659741496,2.39664632049439
"WTSW",1018,6,8391.73140874804,-3.23297283059032,-2.05534658542599,NA,4.96974720306548,NA,8403.50807001068,-6.00259371906134,0.491063035759522,-14.0770927333507,17.1910523421493,-13.6624245752464
"WWCR",1005,4,3629.14909407023,-2.18974659988216,-5.96862301440987,-17.8326368128788,NA,NA,3638.87535239665,-3.34793567785877,-6.65228661447448,-19.1102912491284,0.575816493877674,3.82248116802281
"WWDO",384,1,1983.27249237156,-1.29138720899907,NA,NA,NA,NA,2001.47411479675,-2.06954648909411,5.66682966273025,-16.0743822906784,4.06894004499492,-6.92997611060974
"YBCH",6620,4,18352.7669188344,-0.37389256900122,-6.55812135684473,12.4830546162629,NA,NA,18367.7586335985,-0.596140085016169,-6.60043922884027,13.0657873587997,0.363286980104694,0.307566590108622
"YBCU",5762,1,14000.3166290727,-1.91694638509352,NA,NA,NA,NA,14025.0931115121,-0.564432020166373,0.751201137689363,-7.64599574873009,-3.63064858999466,1.65560546674237
"YBFL",4680,8,11827.5335679,-37.9244785632414,-1.14002309538161,NA,165.338172262586,-186.867999803741,11860.0122809179,-0.774699313716682,-2.785790182356,-7.73784906519272,1.13747205394657,-6.15262556615123
"YBSA",11712,2,31300.3401345758,-2.07031414937015,-0.975684063177491,NA,NA,NA,31327.0857131486,-2.1906539515289,-0.86176980504137,0.953079581973989,0.168208478601535,0.154920417471397
"YEWA",13174,4,43328.9838927949,-1.04718279217536,0.44143566051546,-9.57795486663134,NA,NA,43350.683795878,-0.634733657785151,0.420118123005741,-9.48154074934625,-1.53888984751434,1.34988462508486
"YHBL",1829,7,9324.02504427127,-0.301753685556831,-0.895081285235957,12.6114167764289,-2.37689911812022,NA,9331.38495172468,-0.156181238548643,-0.897857292242368,12.6103242808297,-3.04571158993198,0.762219652817947
"YRWA",46218,9,162935.524906587,-5.43293019669506,1.05048824682446,3.76677273731962,16.8414325931799,-16.119153506992,162935.524906587,-5.43293019669506,1.05048824682446,3.76677273731962,16.8414325931799,-16.119153506992
"YTVI",3542,1,8252.07704884483,-1.58077830398301,NA,NA,NA,NA,8275.65869340531,-2.50076238459581,0.0572953724388162,-4.76368597946256,5.05533261214818,-5.9709011815843
"YTWA",305,2,630.862078707555,-0.856024105029411,-3.30578886589955,NA,NA,NA,637.569866568255,-55.0661387755213,-1.85747654755448,-9.14176418128675,263.360005908892,-317.605345815085
"YWAR",1481,1,7521.21768276832,-1.65321256515343,NA,NA,NA,NA,7546.80670786693,-2.03556068808303,-0.467526474920552,-5.680690648424,1.03405921072464,-0.00494947987835693
